id,source,equipmentOnly,defaultPartsBefore,defaultPartsAfter,storedPartsBefore,storedPartsAfter,largestStoredPoseBefore,largestStoredPoseAfter,partLists,result,reviewPage,reviewRow
CMU3DABR40MagazineCloud,World/garrison_ammo_cloud.yml,False,15,15,15,15,15,15,1,retained geometry,,
CMU3DABR40MagazineCloudEmptyStudy,World/garrison_ammo_cloud.yml,False,13,13,13,13,13,13,1,retained geometry,,
CMU3DANPRCMastAntennaCloud,World/garrison_machinery_extra_cloud.yml,False,9,9,9,9,9,9,1,retained geometry,,
CMU3DAU14CCAFPatchInsigniaExtraCloud,World/garrison_insignia_extra_cloud.yml,False,12,12,24,24,12,12,2,retained geometry,,
CMU3DAU14CCAFUniformWorldCloud,World/garrison_clothing_final_cloud.yml,False,57,56,57,56,57,56,1,simplified,page-01.png,1
CMU3DAU14CanadaPatchInsigniaExtraCloud,World/garrison_insignia_extra_cloud.yml,False,12,12,24,24,12,12,2,retained geometry,,
CMU3DAU14CivBallCapBlackWorldCloud,World/garrison_headwear_extra_cloud.yml,False,23,23,23,23,23,23,1,retained geometry,,
CMU3DAU14CivBallCapBlueTruckerWorldCloud,World/garrison_headwear_extra_cloud.yml,False,25,25,25,25,25,25,1,retained geometry,,
CMU3DAU14CivBallCapRedTruckerWorldCloud,World/garrison_headwear_extra_cloud.yml,False,25,25,25,25,25,25,1,retained geometry,,
CMU3DAU14CivFedoraGrayWorldCloud,World/garrison_headwear_extra_cloud.yml,False,53,53,53,53,53,53,1,retained geometry,,
CMU3DAU14CivFedoraTanWorldCloud,World/garrison_headwear_extra_cloud.yml,False,53,53,53,53,53,53,1,retained geometry,,
CMU3DAU14CivilianBaristaClothesWorldCloud,World/garrison_uniforms_extra_cloud.yml,False,42,41,42,41,42,41,1,simplified,page-01.png,2
CMU3DAU14CivilianBoilerSuitCyanWorldCloud,World/garrison_uniforms_extra_cloud.yml,False,56,55,56,55,56,55,1,simplified,page-01.png,3
CMU3DAU14CivilianBoilerSuitDarkBlueSynthWorldCloud,World/garrison_uniforms_extra_cloud.yml,False,56,55,56,55,56,55,1,simplified,page-01.png,4
CMU3DAU14CivilianBoilerSuitGrayWorldCloud,World/garrison_uniforms_extra_cloud.yml,False,56,55,56,55,56,55,1,simplified,page-01.png,5
CMU3DAU14CivilianBoilerSuitWhiteWorldCloud,World/garrison_uniforms_extra_cloud.yml,False,56,55,56,55,56,55,1,simplified,page-01.png,6
CMU3DAU14CivilianHazardVestKellandMiningCorporation,World/garrison_loose_workwear.yml,False,37,35,74,70,37,35,2,simplified,page-01.png,7
CMU3DAU14CivilianWorkwearBlueWorldCloud,World/garrison_uniforms_extra_cloud.yml,False,53,52,53,52,53,52,1,simplified,page-01.png,8
CMU3DAU14CivilianWorkwearGreenWorldCloud,World/garrison_uniforms_extra_cloud.yml,False,53,52,53,52,53,52,1,simplified,page-01.png,9
CMU3DAU14CivilianWorkwearPinkWorldCloud,World/garrison_uniforms_extra_cloud.yml,False,53,52,53,52,53,52,1,simplified,page-01.png,10
CMU3DAU14CivilianWorkwearYellowWorldCloud,World/garrison_uniforms_extra_cloud.yml,False,53,52,53,52,53,52,1,simplified,page-02.png,1
CMU3DAU14ExternalWebbingWorldCloud,World/garrison_clothing_final_cloud.yml,False,18,18,18,18,18,18,1,retained geometry,,
CMU3DAU14FlagCarriableUADecorFinalCloud,World/garrison_decor_final_cloud.yml,False,19,19,38,38,19,19,2,retained geometry,,
CMU3DAU14FlagCarriableUADecorFinalCloudPlantedStudy,World/garrison_decor_final_cloud.yml,False,11,11,11,11,11,11,1,retained geometry,,
CMU3DAU14FlagCarriableUPPDecorFinalCloud,World/garrison_decor_final_cloud.yml,False,18,18,36,36,18,18,2,retained geometry,,
CMU3DAU14FlagCarriableUPPDecorFinalCloudPlantedStudy,World/garrison_decor_final_cloud.yml,False,11,11,11,11,11,11,1,retained geometry,,
CMU3DAU14GogglesM1A1OrangeBallisticWorldCloud,World/garrison_headwear_extra_cloud.yml,False,21,21,21,21,21,21,1,retained geometry,,
CMU3DAU14HAZOPShecuPatchInsigniaExtraCloud,World/garrison_insignia_extra_cloud.yml,False,11,11,22,22,11,11,2,retained geometry,,
CMU3DAU14HatUSArmyWorldCloud,World/garrison_headwear_extra_cloud.yml,False,34,34,34,34,34,34,1,retained geometry,,
CMU3DAU14HeadHelmetRMCMedicWorldCloud,World/garrison_bags_helmets_cloud.yml,False,55,55,55,55,55,55,1,retained geometry,,
CMU3DAU14HemostaticGauze,World/garrison_supplies.yml,False,6,6,6,6,6,6,1,retained geometry,,
CMU3DAU14HemostaticGauzePacketTrash,World/garrison_supplies.yml,False,2,2,2,2,2,2,1,retained geometry,,
CMU3DAU14L4D2cardboardcutoutjohnnywayneDecorFinalCloud,World/garrison_decor_final_cloud.yml,False,22,22,22,22,22,22,1,retained geometry,,
CMU3DAU14LACNAmmoBackpackWorldCloud,World/garrison_bags_helmets_cloud.yml,False,24,24,24,24,24,24,1,retained geometry,,
CMU3DAU14LACNHelmetSLWorldCloud,World/garrison_bags_helmets_cloud.yml,False,56,56,56,56,56,56,1,retained geometry,,
CMU3DAU14LACNUniformCoatWorldCloud,World/garrison_uniforms_extra_cloud.yml,False,46,44,46,44,46,44,1,simplified,page-02.png,2
CMU3DAU14LargeTruckLongBlueVehicleFinalCloud,World/garrison_vehicle_final_cloud.yml,False,122,122,122,122,122,122,1,retained geometry,,
CMU3DAU14LargeTruckLongRedVehicleFinalCloud,World/garrison_vehicle_final_cloud.yml,False,122,122,122,122,122,122,1,retained geometry,,
CMU3DAU14Patch32ndABInsigniaExtraCloud,World/garrison_insignia_extra_cloud.yml,False,7,7,14,14,7,7,2,retained geometry,,
CMU3DAU14Patch525thAIBInsigniaExtraCloud,World/garrison_insignia_extra_cloud.yml,False,4,4,8,8,4,4,2,retained geometry,,
CMU3DAU14PatchBrazilFlagInsigniaExtraCloud,World/garrison_insignia_extra_cloud.yml,False,4,4,8,8,4,4,2,retained geometry,,
CMU3DAU14PatchBrazilUACGPatchInsigniaExtraCloud,World/garrison_insignia_extra_cloud.yml,False,16,16,32,32,16,16,2,retained geometry,,
CMU3DAU14PouchIFAKFillWorldCloud,World/garrison_clothing_final_cloud.yml,False,10,10,10,10,10,10,1,retained geometry,,
CMU3DAU14PropAPCMedicalVehicleFinalCloud,World/garrison_vehicle_final_cloud.yml,False,71,71,71,71,71,71,1,retained geometry,,
CMU3DAU14PropHemettTruckClosedBed,World/garrison_hemtt.yml,False,116,116,116,116,116,116,1,retained geometry,,
CMU3DAU14PropHemettTruckNoBed,World/garrison_hemtt.yml,False,78,78,78,78,78,78,1,retained geometry,,
CMU3DAU14PropHemettTruckOpenBed,World/garrison_hemtt.yml,False,79,79,79,79,79,79,1,retained geometry,,
CMU3DAU14PropTent5VehicleFinalCloud,World/garrison_vehicle_final_cloud.yml,False,55,55,55,55,55,55,1,retained geometry,,
CMU3DAU14PropUSCMBison3VehicleFinalCloud,World/garrison_vehicle_final_cloud.yml,False,102,102,102,102,102,102,1,retained geometry,,
CMU3DAU14PropUSCMTroopTruck2Cloud,World/garrison_structural_vehicle_cloud.yml,False,111,111,111,111,111,111,1,retained geometry,,
CMU3DAU14PropUSCMTroopTruck4Cloud,World/garrison_structural_vehicle_cloud.yml,False,124,124,124,124,124,124,1,retained geometry,,
CMU3DAU14PropVehicleCrane,World/garrison_cranes.yml,False,108,108,108,108,108,108,1,retained geometry,,
CMU3DAU14PropVehicleKellandMiningVan,World/garrison_cranes.yml,False,59,59,59,59,59,59,1,retained geometry,,
CMU3DAU14RMCPatchInsigniaExtraCloud,World/garrison_insignia_extra_cloud.yml,False,11,11,22,22,11,11,2,retained geometry,,
CMU3DAU14SlingSatchelBlackWorldCloud,World/garrison_bags_helmets_cloud.yml,False,20,20,20,20,20,20,1,retained geometry,,
CMU3DAU14TWEPatchInsigniaExtraCloud,World/garrison_insignia_extra_cloud.yml,False,12,12,24,24,12,12,2,retained geometry,,
CMU3DAU14TentBigFoldedSurgicalWorldCloud,World/garrison_bags_helmets_cloud.yml,False,13,13,13,13,13,13,1,retained geometry,,
CMU3DAU14TourniquetInsigniaExtraCloud,World/garrison_insignia_extra_cloud.yml,False,38,38,76,76,38,38,2,retained geometry,,
CMU3DAU14UNISCArmbandInsigniaExtraCloud,World/garrison_insignia_extra_cloud.yml,False,64,64,128,128,64,64,2,retained geometry,,
CMU3DAU14UNISCBeretWorldCloud,World/garrison_headwear_extra_cloud.yml,False,15,15,15,15,15,15,1,retained geometry,,
CMU3DAU14USASFSECFORBeretWorldCloud,World/garrison_headwear_extra_cloud.yml,False,15,15,15,15,15,15,1,retained geometry,,
CMU3DAU14USASFSECFORChestrigWorldCloud,World/garrison_clothing_final_cloud.yml,False,19,19,19,19,19,19,1,retained geometry,,
CMU3DAU14USASFSecForUniformWorldCloud,World/garrison_clothing_final_cloud.yml,False,55,55,55,55,55,55,1,retained geometry,,
CMU3DAU14WallFlagUPPDecorFinalCloud,World/garrison_decor_final_cloud.yml,False,22,22,22,22,22,22,1,retained geometry,,
CMU3DAU14propstockcarVehicleFinalCloud,World/garrison_vehicle_final_cloud.yml,False,49,49,49,49,49,49,1,retained geometry,,
CMU3DAUEntityShepBeachCorner,World/garrison_water.yml,False,1,1,1,1,1,1,1,retained geometry,,
CMU3DAUEntityShepBeachCornerEdge,World/garrison_water.yml,False,1,1,1,1,1,1,1,retained geometry,,
CMU3DAUEntityShepBeachEdge,World/garrison_water.yml,False,1,1,1,1,1,1,1,retained geometry,,
CMU3DAirburstPacketCloud,World/garrison_ammo_cloud.yml,False,15,15,15,15,15,15,1,retained geometry,,
CMU3DAirburstPacketCloudOpenStudy,World/garrison_ammo_cloud.yml,False,15,15,15,15,15,15,1,retained geometry,,
CMU3DAlmayerBlastDoor,World/garrison_door_states.yml,False,64,64,64,64,64,64,1,retained geometry,,
CMU3DAlmayerBlastDoorOpen,World/garrison_door_states.yml,False,15,15,15,15,15,15,1,retained geometry,,
CMU3DAlmayerRollingShutter,World/garrison_door_states.yml,False,54,54,54,54,54,54,1,retained geometry,,
CMU3DAlmayerRollingShutterOpen,World/garrison_door_states.yml,False,31,31,31,31,31,31,1,retained geometry,,
CMU3DAlmayerStairsTop,World/garrison_architecture.yml,False,16,16,16,16,16,16,1,retained geometry,,
CMU3DAlmayerTable,World/garrison_models.yml,False,10,10,10,10,10,10,1,retained geometry,,
CMU3DAmberDepartmentTerminal,World/garrison_consoles.yml,False,55,55,55,55,55,55,1,retained geometry,,
CMU3DAmmoCrate,World/garrison_models.yml,False,10,10,10,10,10,10,1,retained geometry,,
CMU3DArmoryLocker,World/garrison_models.yml,False,21,21,21,21,21,21,1,retained geometry,,
CMU3DArmyLatheCloud,World/garrison_machinery_extra_cloud.yml,False,37,37,37,37,37,37,1,retained geometry,,
CMU3DAutodocConsoleCloudEast,World/garrison_medical_cloud.yml,False,11,11,44,44,11,11,4,retained geometry,,
CMU3DAutodocConsoleCloudNorth,World/garrison_medical_cloud.yml,False,11,11,44,44,11,11,4,retained geometry,,
CMU3DAutodocConsoleCloudSouth,World/garrison_medical_cloud.yml,False,11,11,44,44,11,11,4,retained geometry,,
CMU3DAutodocConsoleCloudWest,World/garrison_medical_cloud.yml,False,11,11,44,44,11,11,4,retained geometry,,
CMU3DAutodocPodCloudEast,World/garrison_medical_cloud.yml,False,70,59,350,328,70,59,8,simplified,page-02.png,3
CMU3DAutodocPodCloudNorth,World/garrison_medical_cloud.yml,False,70,59,350,328,70,59,8,simplified,page-02.png,4
CMU3DAutodocPodCloudSouth,World/garrison_medical_cloud.yml,False,70,59,350,328,70,59,8,simplified,page-02.png,5
CMU3DAutodocPodCloudWest,World/garrison_medical_cloud.yml,False,70,59,350,328,70,59,8,simplified,page-02.png,6
CMU3DAutolatheCloud,World/garrison_service_cloud.yml,False,41,41,41,41,41,41,1,retained geometry,,
CMU3DBakedBreadBaguette,World/garrison_baked_food.yml,False,7,7,7,7,7,7,1,retained geometry,,
CMU3DBakedBreadBaguetteSlice,World/garrison_baked_food.yml,False,3,3,3,3,3,3,1,retained geometry,,
CMU3DBakedBreadBanana,World/garrison_baked_food.yml,False,9,9,9,9,9,9,1,retained geometry,,
CMU3DBakedBreadGarlicSlice,World/garrison_baked_food.yml,False,3,3,3,3,3,3,1,retained geometry,,
CMU3DBakedBreadMeat,World/garrison_baked_food.yml,False,5,5,5,5,5,5,1,retained geometry,,
CMU3DBakedBreadPlain,World/garrison_baked_food.yml,False,5,5,5,5,5,5,1,retained geometry,,
CMU3DBakedCakeApple,World/garrison_baked_food.yml,False,20,20,20,20,20,20,1,retained geometry,,
CMU3DBakedCakeBirthday,World/garrison_baked_food.yml,False,26,26,26,26,26,26,1,retained geometry,,
CMU3DBakedCakeBirthdaySlice,World/garrison_baked_food.yml,False,5,5,5,5,5,5,1,retained geometry,,
CMU3DBakedCakeBlueberry,World/garrison_baked_food.yml,False,20,20,20,20,20,20,1,retained geometry,,
CMU3DBakedCakeCarrot,World/garrison_baked_food.yml,False,4,4,4,4,4,4,1,retained geometry,,
CMU3DBakedCakeCheese,World/garrison_baked_food.yml,False,4,4,4,4,4,4,1,retained geometry,,
CMU3DBakedCakeChocolate,World/garrison_baked_food.yml,False,4,4,4,4,4,4,1,retained geometry,,
CMU3DBakedCakePlain,World/garrison_baked_food.yml,False,4,4,4,4,4,4,1,retained geometry,,
CMU3DBakedPieApple,World/garrison_baked_food.yml,False,21,21,21,21,21,21,1,retained geometry,,
CMU3DBakedPieBaklava,World/garrison_baked_food.yml,False,21,21,21,21,21,21,1,retained geometry,,
CMU3DBakedPieBananaCream,World/garrison_baked_food.yml,False,22,22,22,22,22,22,1,retained geometry,,
CMU3DBakedPieCherry,World/garrison_baked_food.yml,False,21,21,21,21,21,21,1,retained geometry,,
CMU3DBakedPieCherrySlice,World/garrison_baked_food.yml,False,4,4,4,4,4,4,1,retained geometry,,
CMU3DBakedPieClafoutis,World/garrison_baked_food.yml,False,21,21,21,21,21,21,1,retained geometry,,
CMU3DBakedPieFrosty,World/garrison_baked_food.yml,False,21,21,21,21,21,21,1,retained geometry,,
CMU3DBakedPieMeat,World/garrison_baked_food.yml,False,21,21,21,21,21,21,1,retained geometry,,
CMU3DBakedPiePumpkin,World/garrison_baked_food.yml,False,24,24,24,24,24,24,1,retained geometry,,
CMU3DBankerLamp,World/garrison_utilities.yml,False,7,7,7,7,7,7,1,retained geometry,,
CMU3DBareClipboard,World/garrison_smallprops.yml,False,6,6,6,6,6,6,1,retained geometry,,
CMU3DBarrelBlue,World/garrison_models.yml,False,31,31,31,31,31,31,1,retained geometry,,
CMU3DBarrelGreen,World/garrison_models.yml,False,31,31,31,31,31,31,1,retained geometry,,
CMU3DBarrelRed,World/garrison_models.yml,False,31,31,31,31,31,31,1,retained geometry,,
CMU3DBasketballHoopAltCloudEast,World/garrison_room_props_cloud.yml,False,84,76,168,152,84,76,2,simplified,page-02.png,7
CMU3DBasketballHoopAltCloudNorth,World/garrison_room_props_cloud.yml,False,84,76,168,152,84,76,2,simplified,page-02.png,8
CMU3DBasketballHoopAltCloudSouth,World/garrison_room_props_cloud.yml,False,84,76,168,152,84,76,2,simplified,page-02.png,9
CMU3DBasketballHoopAltCloudWest,World/garrison_room_props_cloud.yml,False,84,76,168,152,84,76,2,simplified,page-02.png,10
CMU3DBed,World/garrison_models.yml,False,13,13,13,13,13,13,1,retained geometry,,
CMU3DBedroll,World/garrison_folded_equipment.yml,False,16,16,16,16,16,16,1,retained geometry,,
CMU3DBedrollFolded,World/garrison_folded_equipment.yml,False,12,12,12,12,12,12,1,retained geometry,,
CMU3DBedsheetBlue,World/garrison_bedsheets.yml,False,20,20,20,20,20,20,1,retained geometry,,
CMU3DBedsheetBrown,World/garrison_bedsheets.yml,False,20,16,20,16,20,16,1,simplified,page-03.png,1
CMU3DBedsheetGray,World/garrison_bedsheets.yml,False,20,16,20,16,20,16,1,simplified,page-03.png,2
CMU3DBedsheetGreen,World/garrison_bedsheets.yml,False,20,16,20,16,20,16,1,simplified,page-03.png,3
CMU3DBedsheetPurple,World/garrison_bedsheets.yml,False,20,20,20,20,20,20,1,retained geometry,,
CMU3DBedsheetRed,World/garrison_bedsheets.yml,False,20,20,20,20,20,20,1,retained geometry,,
CMU3DBedsheetWhite,World/garrison_bedsheets.yml,False,20,16,20,16,20,16,1,simplified,page-03.png,4
CMU3DBedsheetYellow,World/garrison_bedsheets.yml,False,20,20,20,20,20,20,1,retained geometry,,
CMU3DBeerLiteCan,World/garrison_shield_drinks.yml,False,22,18,44,36,22,18,2,simplified,page-03.png,5
CMU3DBeigeBlinds,World/garrison_remaining_doors.yml,False,62,62,62,62,62,62,1,retained geometry,,
CMU3DBeigeBlindsOpen,World/garrison_remaining_doors.yml,False,39,39,39,39,39,39,1,retained geometry,,
CMU3DBiomassBorder,World/garrison_biomass_supports.yml,False,1,1,1,1,1,1,1,retained geometry,,
CMU3DBiomassLeft,World/garrison_biomass_supports.yml,False,4,4,4,4,4,4,1,retained geometry,,
CMU3DBiomassRight,World/garrison_biomass_supports.yml,False,4,4,4,4,4,4,1,retained geometry,,
CMU3DBiomassTurbine,World/garrison_biomass_turbine.yml,False,64,64,64,64,64,64,1,retained geometry,,
CMU3DBlackBlastDoor,World/garrison_door_states.yml,False,64,64,64,64,64,64,1,retained geometry,,
CMU3DBlackBlastDoorOpen,World/garrison_door_states.yml,False,15,15,15,15,15,15,1,retained geometry,,
CMU3DBlackBlinds,World/garrison_remaining_doors.yml,False,62,62,62,62,62,62,1,retained geometry,,
CMU3DBlackBlindsOpen,World/garrison_remaining_doors.yml,False,39,39,39,39,39,39,1,retained geometry,,
CMU3DBlackDesk,World/garrison_models.yml,False,13,13,13,13,13,13,1,retained geometry,,
CMU3DBlackRoadBarrier,World/garrison_architecture.yml,False,40,40,40,40,40,40,1,retained geometry,,
CMU3DBlackShoesCloud,World/garrison_equipment_cloud.yml,False,32,32,32,32,32,32,1,retained geometry,,
CMU3DBlackTheatreCurtain,World/garrison_remaining_doors.yml,False,64,64,64,64,64,64,1,retained geometry,,
CMU3DBlackTheatreCurtainOpen,World/garrison_remaining_doors.yml,False,56,56,56,56,56,56,1,retained geometry,,
CMU3DBloodVendor,World/garrison_utilities.yml,False,14,14,14,14,14,14,1,retained geometry,,
CMU3DBlueCanisterCloud,World/garrison_machinery_extra_cloud.yml,False,35,31,35,31,35,31,1,simplified,page-03.png,6
CMU3DBlueComfyBench,World/garrison_storage.yml,False,16,16,16,16,16,16,1,retained geometry,,
CMU3DBlueDirectionalWindow,World/garrison_structures.yml,False,31,31,31,31,31,31,1,retained geometry,,
CMU3DBlueEightMonitorBank,World/garrison_consoles.yml,False,54,54,54,54,54,54,1,retained geometry,,
CMU3DBlueFourMonitorBank,World/garrison_consoles.yml,False,23,23,23,23,23,23,1,retained geometry,,
CMU3DBlueQuadSplitMonitor,World/garrison_consoles.yml,False,34,34,34,34,34,34,1,retained geometry,,
CMU3DBlueSignalCRTTV,World/garrison_consoles.yml,False,30,30,30,30,30,30,1,retained geometry,,
CMU3DBlueTelecomServer,World/garrison_consoles.yml,False,40,40,40,40,40,40,1,retained geometry,,
CMU3DBlueTintedDirectionalWindow,World/garrison_structures.yml,False,31,31,31,31,31,31,1,retained geometry,,
CMU3DBobdaBlueCloud,World/garrison_containers_cloud.yml,False,22,22,72,72,28,28,3,retained geometry,,
CMU3DBobdaCherryCloud,World/garrison_containers_cloud.yml,False,22,22,72,72,28,28,3,retained geometry,,
CMU3DBobdaClassicCloud,World/garrison_containers_cloud.yml,False,22,22,72,72,28,28,3,retained geometry,,
CMU3DBodyScannerConsoleCloudEast,World/garrison_medical_cloud.yml,False,11,11,66,66,11,11,6,retained geometry,,
CMU3DBodyScannerConsoleCloudNorth,World/garrison_medical_cloud.yml,False,11,11,66,66,11,11,6,retained geometry,,
CMU3DBodyScannerConsoleCloudSouth,World/garrison_medical_cloud.yml,False,11,11,66,66,11,11,6,retained geometry,,
CMU3DBodyScannerConsoleCloudWest,World/garrison_medical_cloud.yml,False,11,11,66,66,11,11,6,retained geometry,,
CMU3DBodyScannerPodCloudEast,World/garrison_medical_cloud.yml,False,87,82,405,395,87,82,9,simplified,page-03.png,7
CMU3DBodyScannerPodCloudNorth,World/garrison_medical_cloud.yml,False,87,82,405,395,87,82,9,simplified,page-03.png,8
CMU3DBodyScannerPodCloudSouth,World/garrison_medical_cloud.yml,False,87,82,405,395,87,82,9,simplified,page-03.png,9
CMU3DBodyScannerPodCloudWest,World/garrison_medical_cloud.yml,False,87,82,405,395,87,82,9,simplified,page-03.png,10
CMU3DBombSuitCloset,World/garrison_storage.yml,False,24,24,24,24,24,24,1,retained geometry,,
CMU3DBoneResinWall,World/garrison_structures.yml,False,113,113,113,113,113,113,1,retained geometry,,
CMU3DBookHowToCookForFortySpacemanPrintedSmallCloud,World/garrison_printed_small_cloud.yml,False,14,14,14,14,14,14,1,retained geometry,,
CMU3DBookcase,World/garrison_interiors.yml,False,9,9,9,9,9,9,1,retained geometry,,
CMU3DBottleBicaridineCloud,World/garrison_containers_cloud.yml,False,37,37,37,37,37,37,1,retained geometry,,
CMU3DBottleCappedStudyCloud,World/garrison_containers_cloud.yml,False,37,37,37,37,37,37,1,retained geometry,,
CMU3DBottleDexalinCloud,World/garrison_containers_cloud.yml,False,37,37,37,37,37,37,1,retained geometry,,
CMU3DBottleDyloveneCloud,World/garrison_containers_cloud.yml,False,37,37,37,37,37,37,1,retained geometry,,
CMU3DBottleEmptyCloud,World/garrison_containers_cloud.yml,False,35,35,35,35,35,35,1,retained geometry,,
CMU3DBottleFill1StudyCloud,World/garrison_containers_cloud.yml,False,37,37,37,37,37,37,1,retained geometry,,
CMU3DBottleFill2StudyCloud,World/garrison_containers_cloud.yml,False,37,37,37,37,37,37,1,retained geometry,,
CMU3DBottleFill3StudyCloud,World/garrison_containers_cloud.yml,False,37,37,37,37,37,37,1,retained geometry,,
CMU3DBottleFill4StudyCloud,World/garrison_containers_cloud.yml,False,37,37,37,37,37,37,1,retained geometry,,
CMU3DBottleFill5StudyCloud,World/garrison_containers_cloud.yml,False,37,37,37,37,37,37,1,retained geometry,,
CMU3DBottleInaprovalineCloud,World/garrison_containers_cloud.yml,False,37,37,37,37,37,37,1,retained geometry,,
CMU3DBottleKelotaneCloud,World/garrison_containers_cloud.yml,False,37,37,37,37,37,37,1,retained geometry,,
CMU3DBottleTricordrazineCloud,World/garrison_containers_cloud.yml,False,37,37,37,37,37,37,1,retained geometry,,
CMU3DBoxFolderBasePrintedSmallCloud,World/garrison_printed_small_cloud.yml,False,5,5,5,5,5,5,1,retained geometry,,
CMU3DBoxFolderBasePrintedSmallCloudPaperStudy,World/garrison_printed_small_cloud.yml,False,9,9,9,9,9,9,1,retained geometry,,
CMU3DBrassDeskBell,World/garrison_smallprops.yml,False,7,7,7,7,7,7,1,retained geometry,,
CMU3DBroadleafTree01,World/garrison_environment.yml,False,114,114,114,114,114,114,1,retained geometry,,
CMU3DBroadleafTree02,World/garrison_outdoors.yml,False,113,113,113,113,113,113,1,retained geometry,,
CMU3DBroadleafTree03,World/garrison_outdoors.yml,False,115,115,115,115,115,115,1,retained geometry,,
CMU3DBroadleafTree04,World/garrison_outdoors.yml,False,114,114,114,114,114,114,1,retained geometry,,
CMU3DBroadleafTree05,World/garrison_outdoors.yml,False,113,113,113,113,113,113,1,retained geometry,,
CMU3DBroadleafTree06,World/garrison_outdoors.yml,False,115,115,115,115,115,115,1,retained geometry,,
CMU3DBroadleafTreeLarge01,World/garrison_environment.yml,False,124,124,124,124,124,124,1,retained geometry,,
CMU3DBroadleafTreeLarge02,World/garrison_outdoors.yml,False,121,121,121,121,121,121,1,retained geometry,,
CMU3DBroadleafTreeLarge03,World/garrison_outdoors.yml,False,108,108,108,108,108,108,1,retained geometry,,
CMU3DBroadleafTreeLarge04,World/garrison_outdoors.yml,False,124,124,124,124,124,124,1,retained geometry,,
CMU3DBroadleafTreeLarge05,World/garrison_outdoors.yml,False,121,121,121,121,121,121,1,retained geometry,,
CMU3DBroadleafTreeLarge06,World/garrison_outdoors.yml,False,108,108,108,108,108,108,1,retained geometry,,
CMU3DBrokenStreetlight,World/garrison_hardware.yml,False,48,48,48,48,48,48,1,retained geometry,,
CMU3DBrokenTreeStump,World/garrison_outdoors.yml,False,21,21,21,21,21,21,1,retained geometry,,
CMU3DBrownStorageRack,World/garrison_smallprop_supports.yml,False,14,14,14,14,14,14,1,retained geometry,,
CMU3DBruteReinforcedBarricade,World/garrison_structures.yml,False,28,28,28,28,28,28,1,retained geometry,,
CMU3DBunkBed,World/garrison_models.yml,False,30,30,30,30,30,30,1,retained geometry,,
CMU3DBurgundyBlackBoxRecorder,World/garrison_consoles.yml,False,25,25,25,25,25,25,1,retained geometry,,
CMU3DCMAdvFirstAidKitMedicalSmallCloud,World/garrison_medical_small_cloud.yml,False,24,24,24,24,24,24,1,retained geometry,,
CMU3DCMAdvFirstAidKitMedicalSmallCloudOpenStudy,World/garrison_medical_small_cloud.yml,False,28,28,28,28,28,28,1,retained geometry,,
CMU3DCMBEquipmentVendor,World/garrison_vendors.yml,False,40,40,40,40,40,40,1,retained geometry,,
CMU3DCMBeakerLargeMedicalSmallCloud,World/garrison_medical_small_cloud.yml,False,34,34,34,34,34,34,1,retained geometry,,
CMU3DCMBeakerLargeMedicalSmallCloudLidStudy,World/garrison_medical_small_cloud.yml,False,36,36,36,36,36,36,1,retained geometry,,
CMU3DCMBeakerMedicalSmallCloud,World/garrison_medical_small_cloud.yml,False,33,33,33,33,33,33,1,retained geometry,,
CMU3DCMBeakerMedicalSmallCloudLidStudy,World/garrison_medical_small_cloud.yml,False,35,35,35,35,35,35,1,retained geometry,,
CMU3DCMBeltMarineAR10WorldCloud,World/garrison_clothing_final_cloud.yml,False,31,31,31,31,31,31,1,retained geometry,,
CMU3DCMBeltMarineHuntingWorldCloud,World/garrison_clothing_final_cloud.yml,False,31,31,31,31,31,31,1,retained geometry,,
CMU3DCMBootsBlackFilledWorldCloud,World/garrison_clothing_final_cloud.yml,False,54,54,54,54,54,54,1,retained geometry,,
CMU3DCMBootsBrownFilledWorldCloud,World/garrison_clothing_final_cloud.yml,False,54,54,54,54,54,54,1,retained geometry,,
CMU3DCMBucketMop,World/garrison_folded_equipment.yml,False,22,22,22,22,22,22,1,retained geometry,,
CMU3DCMChairFolded,World/garrison_furniture.yml,False,14,14,14,14,14,14,1,retained geometry,,
CMU3DCMCigarettePackLuckySlothsMiniPrintedSmallCloud,World/garrison_printed_small_cloud.yml,False,9,9,18,18,9,9,2,retained geometry,,
CMU3DCMCigarettePackLuckySlothsMiniPrintedSmallCloudOpenEmptyStudy,World/garrison_printed_small_cloud.yml,False,10,10,10,10,10,10,1,retained geometry,,
CMU3DCMCigarettePackLuckySlothsMiniPrintedSmallCloudOpenFullStudy,World/garrison_printed_small_cloud.yml,False,18,18,18,18,18,18,1,retained geometry,,
CMU3DCMCoatDressBluesSeniorWorldCloud,World/garrison_clothing_final_cloud.yml,False,43,43,43,43,43,43,1,retained geometry,,
CMU3DCMDeployableBarrier,World/garrison_folded_equipment.yml,False,54,54,54,54,54,54,1,retained geometry,,
CMU3DCMDoubleDoorAlmayerSolidCloud,World/garrison_fixture_final_cloud.yml,False,32,32,32,32,32,32,1,retained geometry,,
CMU3DCMDoubleDoorAlmayerSolidOpenCloud,World/garrison_fixture_final_cloud.yml,False,20,20,20,20,20,20,1,retained geometry,,
CMU3DCMDoubleDoorGenericGlassCloud,World/garrison_fixture_final_cloud.yml,False,36,36,36,36,36,36,1,retained geometry,,
CMU3DCMDoubleDoorGenericGlassOpenCloud,World/garrison_fixture_final_cloud.yml,False,20,20,20,20,20,20,1,retained geometry,,
CMU3DCMDoubleDoorGenericSolidCloud,World/garrison_fixture_final_cloud.yml,False,32,32,32,32,32,32,1,retained geometry,,
CMU3DCMDoubleDoorGenericSolidOpenCloud,World/garrison_fixture_final_cloud.yml,False,20,20,20,20,20,20,1,retained geometry,,
CMU3DCMDrinkCanColaDrinksExtraCloud,World/garrison_drinks_extra_cloud.yml,False,34,34,101,101,34,34,3,retained geometry,,
CMU3DCMDrinkCanMountainWindDrinksExtraCloud,World/garrison_drinks_extra_cloud.yml,False,34,34,101,101,34,34,3,retained geometry,,
CMU3DCMFirstAidKitSurgeryMedicalSmallCloud,World/garrison_medical_small_cloud.yml,False,24,24,24,24,24,24,1,retained geometry,,
CMU3DCMFirstAidKitSurgeryMedicalSmallCloudOpenStudy,World/garrison_medical_small_cloud.yml,False,28,28,28,28,28,28,1,retained geometry,,
CMU3DCMFirstAidO2KitMedicalSmallCloud,World/garrison_medical_small_cloud.yml,False,24,24,24,24,24,24,1,retained geometry,,
CMU3DCMFirstAidO2KitMedicalSmallCloudOpenStudy,World/garrison_medical_small_cloud.yml,False,28,28,28,28,28,28,1,retained geometry,,
CMU3DCMFloorDeepWaterEntity,World/garrison_water.yml,False,1,1,1,1,1,1,1,retained geometry,,
CMU3DCMFloorShallowWaterEntity,World/garrison_water.yml,False,1,1,1,1,1,1,1,retained geometry,,
CMU3DCMHeadCapSPPUshankaFoldedWorldCloud,World/garrison_headwear_extra_cloud.yml,False,14,14,14,14,14,14,1,retained geometry,,
CMU3DCMHeadCapSPPUshankaWorldCloud,World/garrison_headwear_extra_cloud.yml,False,14,14,14,14,14,14,1,retained geometry,,
CMU3DCMHeadDressBluesWorldCloud,World/garrison_headwear_extra_cloud.yml,False,17,17,17,17,17,17,1,retained geometry,,
CMU3DCMHemostatMedicalSmallCloud,World/garrison_medical_small_cloud.yml,False,40,40,80,80,40,40,2,retained geometry,,
CMU3DCMJumpsuitColonistWorldCloud,World/garrison_uniforms_extra_cloud.yml,False,58,57,58,57,58,57,1,simplified,page-04.png,1
CMU3DCMJumpsuitLiaisonFieldWorldCloud,World/garrison_uniforms_extra_cloud.yml,False,53,52,53,52,53,52,1,simplified,page-04.png,2
CMU3DCMMREExtraCloud,World/garrison_food_extra_cloud.yml,False,17,17,54,54,20,20,3,retained geometry,,
CMU3DCMMREFoodSushiExtraCloud,World/garrison_food_extra_cloud.yml,False,27,27,27,27,27,27,1,retained geometry,,
CMU3DCMMatchBookPrintedSmallCloud,World/garrison_printed_small_cloud.yml,False,4,4,4,4,4,4,1,retained geometry,,
CMU3DCMMatchBookPrintedSmallCloudOpenEmptyStudy,World/garrison_printed_small_cloud.yml,False,5,5,5,5,5,5,1,retained geometry,,
CMU3DCMMatchBookPrintedSmallCloudOpenFullStudy,World/garrison_printed_small_cloud.yml,False,17,17,17,17,17,17,1,retained geometry,,
CMU3DCMMemorialMaintainersDecorFinalCloud,World/garrison_decor_final_cloud.yml,False,14,13,14,13,14,13,1,simplified,page-04.png,3
CMU3DCMOintment10MedicalSmallCloud,World/garrison_medical_small_cloud.yml,False,9,9,18,18,9,9,2,retained geometry,,
CMU3DCMPacketGrenadeHighExplosive,World/garrison_supplies.yml,False,9,9,9,9,9,9,1,retained geometry,,
CMU3DCMPamphletPowerloaderDecorFinalCloud,World/garrison_decor_final_cloud.yml,False,11,11,11,11,11,11,1,retained geometry,,
CMU3DCMPenClickyInheritedMiscCloud,World/garrison_inherited_misc_cloud.yml,False,9,9,9,9,9,9,1,retained geometry,,
CMU3DCMPenFountainInheritedMiscCloud,World/garrison_inherited_misc_cloud.yml,False,9,9,9,9,9,9,1,retained geometry,,
CMU3DCMPillCanisterBicaridine,World/garrison_supplies.yml,False,23,23,23,23,23,23,1,retained geometry,,
CMU3DCMPillCanisterDexalin,World/garrison_supplies.yml,False,23,23,23,23,23,23,1,retained geometry,,
CMU3DCMPillCanisterDylovene,World/garrison_supplies.yml,False,23,23,23,23,23,23,1,retained geometry,,
CMU3DCMPillCanisterInaprovaline,World/garrison_supplies.yml,False,23,23,23,23,23,23,1,retained geometry,,
CMU3DCMPillCanisterKelotane,World/garrison_supplies.yml,False,23,23,23,23,23,23,1,retained geometry,,
CMU3DCMPosterNoSmoking2DecorFinalCloud,World/garrison_decor_final_cloud.yml,False,6,6,6,6,6,6,1,retained geometry,,
CMU3DCMReinforcedTable,World/garrison_smallprop_supports.yml,False,24,24,24,24,24,24,1,retained geometry,,
CMU3DCMRollerBedSpawnFolded,World/garrison_folded_equipment.yml,False,27,27,27,27,27,27,1,retained geometry,,
CMU3DCMSatchelWorldCloud,World/garrison_bags_helmets_cloud.yml,False,20,20,20,20,20,20,1,retained geometry,,
CMU3DCMSheetMetal,World/garrison_material_stacks.yml,False,12,12,42,42,12,12,5,retained geometry,,
CMU3DCMSheetMetal10,World/garrison_material_stacks.yml,False,3,3,33,33,12,12,5,retained geometry,,
CMU3DCMSheetMetal20,World/garrison_material_stacks.yml,False,6,6,36,36,12,12,5,retained geometry,,
CMU3DCMSheetMetal50,World/garrison_material_stacks.yml,False,12,12,42,42,12,12,5,retained geometry,,
CMU3DCMSoapDeluxeInheritedMiscCloud,World/garrison_inherited_misc_cloud.yml,False,8,8,8,8,8,8,1,retained geometry,,
CMU3DCMSoapNTInheritedMiscCloud,World/garrison_inherited_misc_cloud.yml,False,8,8,8,8,8,8,1,retained geometry,,
CMU3DCMSoapSyndieInheritedMiscCloud,World/garrison_inherited_misc_cloud.yml,False,8,8,8,8,8,8,1,retained geometry,,
CMU3DCMSurgicalDrillMedicalSmallCloud,World/garrison_medical_small_cloud.yml,False,22,22,88,88,22,22,4,retained geometry,,
CMU3DCMUXenoEggNotDSNaturalFinalCloud,World/garrison_natural_final_cloud.yml,False,96,96,507,507,112,112,5,retained geometry,,
CMU3DCMUXenoEggNotDSNaturalFinalCloudDestroyedStudy,World/garrison_natural_final_cloud.yml,False,17,17,17,17,17,17,1,retained geometry,,
CMU3DCalendarColonistCloud,World/garrison_room_props_cloud.yml,False,15,15,15,15,15,15,1,retained geometry,,
CMU3DCalendarTWECloud,World/garrison_room_props_cloud.yml,False,13,13,13,13,13,13,1,retained geometry,,
CMU3DCameraTerminalEast,World/garrison_console_variants.yml,False,14,14,294,294,14,14,21,retained geometry,,
CMU3DCameraTerminalNorth,World/garrison_console_variants.yml,False,14,14,294,294,14,14,21,retained geometry,,
CMU3DCameraTerminalSouth,World/garrison_console_variants.yml,False,14,14,294,294,14,14,21,retained geometry,,
CMU3DCameraTerminalWest,World/garrison_console_variants.yml,False,14,14,294,294,14,14,21,retained geometry,,
CMU3DCampfireCloud,World/garrison_outdoor_cloud.yml,False,35,35,70,70,35,35,2,retained geometry,,
CMU3DCargoCraneCloud,World/garrison_structural_vehicle_cloud.yml,False,121,121,121,121,121,121,1,retained geometry,,
CMU3DCarrotRoot,World/garrison_smallprops.yml,False,108,107,108,107,108,107,1,simplified,page-04.png,4
CMU3DCartridge9mmCloud,World/garrison_ammo_cloud.yml,False,5,5,15,15,5,5,3,retained geometry,,
CMU3DCashHotDrinksVendor,World/garrison_vendor_family.yml,False,37,37,37,37,37,37,1,retained geometry,,
CMU3DCashRegister,World/garrison_hardware.yml,False,47,47,47,47,47,47,1,retained geometry,,
CMU3DCashSodaVendor,World/garrison_vendors.yml,False,33,33,33,33,33,33,1,retained geometry,,
CMU3DChair,World/garrison_furniture.yml,False,13,13,13,13,13,13,1,retained geometry,,
CMU3DChemDispenser,World/garrison_utilities.yml,False,28,28,28,28,28,28,1,retained geometry,,
CMU3DChemMaster,World/garrison_utilities.yml,False,19,19,19,19,19,19,1,retained geometry,,
CMU3DChemSimulatorCloud,World/garrison_machinery_extra_cloud.yml,False,78,78,78,78,78,78,1,retained geometry,,
CMU3DChemStorageEastCloud,World/garrison_service_cloud.yml,False,108,108,108,108,108,108,1,retained geometry,,
CMU3DChemStorageNorthCloud,World/garrison_service_cloud.yml,False,108,108,108,108,108,108,1,retained geometry,,
CMU3DChemStorageSouthCloud,World/garrison_service_cloud.yml,False,108,108,108,108,108,108,1,retained geometry,,
CMU3DChemStorageWestCloud,World/garrison_service_cloud.yml,False,108,108,108,108,108,108,1,retained geometry,,
CMU3DCigarPrintedSmallCloud,World/garrison_printed_small_cloud.yml,False,10,10,20,20,10,10,2,retained geometry,,
CMU3DCigarSpentPrintedSmallCloud,World/garrison_printed_small_cloud.yml,False,21,21,42,42,21,21,2,retained geometry,,
CMU3DCigaretteSpentPrintedSmallCloud,World/garrison_printed_small_cloud.yml,False,7,7,14,14,7,7,2,retained geometry,,
CMU3DCigaretteVendor,World/garrison_utilities.yml,False,31,31,31,31,31,31,1,retained geometry,,
CMU3DCivilianBrownTrenchCoatWorldCloud,World/garrison_outerwear_cloud.yml,False,66,66,66,66,66,66,1,retained geometry,,
CMU3DCivilianClothingWardrobe,World/garrison_vendor_fans.yml,False,24,24,24,24,24,24,1,retained geometry,,
CMU3DCivilianJacketBlueParkaWorldCloud,World/garrison_outerwear_cloud.yml,False,57,57,57,57,57,57,1,retained geometry,,
CMU3DCivilianJacketBomberJacketWorldCloud,World/garrison_outerwear_cloud.yml,False,53,53,53,53,53,53,1,retained geometry,,
CMU3DCivilianJacketGrayPufferJacketWorldCloud,World/garrison_outerwear_cloud.yml,False,57,57,57,57,57,57,1,retained geometry,,
CMU3DCivilianJacketGrayPufferVestWorldCloud,World/garrison_outerwear_cloud.yml,False,39,39,39,39,39,39,1,retained geometry,,
CMU3DCivilianJacketGreenParkaWorldCloud,World/garrison_outerwear_cloud.yml,False,57,57,57,57,57,57,1,retained geometry,,
CMU3DCivilianJacketKhakiPufferJacketWorldCloud,World/garrison_outerwear_cloud.yml,False,57,57,57,57,57,57,1,retained geometry,,
CMU3DCivilianJacketOrangePufferJacketWorldCloud,World/garrison_outerwear_cloud.yml,False,57,57,57,57,57,57,1,retained geometry,,
CMU3DCivilianJacketRedParkaWorldCloud,World/garrison_outerwear_cloud.yml,False,57,57,57,57,57,57,1,retained geometry,,
CMU3DCivilianJacketSnowSuitWorldCloud,World/garrison_outerwear_cloud.yml,False,61,61,61,61,61,61,1,retained geometry,,
CMU3DCivilianJacketTanPufferVestWorldCloud,World/garrison_outerwear_cloud.yml,False,39,39,39,39,39,39,1,retained geometry,,
CMU3DCivilianJacketYellowParkaWorldCloud,World/garrison_outerwear_cloud.yml,False,57,57,57,57,57,57,1,retained geometry,,
CMU3DCivilianTanTrenchCoatWorldCloud,World/garrison_outerwear_cloud.yml,False,66,66,66,66,66,66,1,retained geometry,,
CMU3DCleanerGrenadeCloud,World/garrison_tools_cloud.yml,False,21,21,84,84,21,21,4,retained geometry,,
CMU3DClothingBackpackDebug4WorldCloud,World/garrison_bags_helmets_cloud.yml,False,22,22,22,22,22,22,1,retained geometry,,
CMU3DClothingHeadFishCapWorldCloud,World/garrison_headwear_extra_cloud.yml,False,16,16,16,16,16,16,1,retained geometry,,
CMU3DClothingHeadHatBeretMedicWorldCloud,World/garrison_headwear_extra_cloud.yml,False,14,14,14,14,14,14,1,retained geometry,,
CMU3DClothingHeadHatPartyBlueWorldCloud,World/garrison_headwear_extra_cloud.yml,False,47,47,47,47,47,47,1,retained geometry,,
CMU3DClothingHeadHatPartyGreenWorldCloud,World/garrison_headwear_extra_cloud.yml,False,47,47,47,47,47,47,1,retained geometry,,
CMU3DClothingHeadHatPartyRedWorldCloud,World/garrison_headwear_extra_cloud.yml,False,47,47,47,47,47,47,1,retained geometry,,
CMU3DClothingHeadHatWeldingWorldCloud,World/garrison_headwear_extra_cloud.yml,False,13,13,13,13,13,13,1,retained geometry,,
CMU3DCoffeeGrounds,World/garrison_interiors.yml,False,16,16,16,16,16,16,1,retained geometry,,
CMU3DCoffeeMachineCloud,World/garrison_room_props_cloud.yml,False,70,62,140,124,70,62,2,simplified,page-04.png,5
CMU3DCoffeeVendor,World/garrison_models.yml,False,37,37,37,37,37,37,1,retained geometry,,
CMU3DColaVendor,World/garrison_models.yml,False,33,33,33,33,33,33,1,retained geometry,,
CMU3DColonyGenerator,World/garrison_models.yml,False,44,44,44,44,44,44,1,retained geometry,,
CMU3DColonyProcessorCloud,World/garrison_storage_cloud.yml,False,58,58,58,58,58,58,1,retained geometry,,
CMU3DColonyReinforcedWindow,World/garrison_colony_ultra_windows.yml,False,65,65,65,65,65,65,1,retained geometry,,
CMU3DColonyReinforcedWindowFrame,World/garrison_colony_ultra_windows.yml,False,57,57,57,57,57,57,1,retained geometry,,
CMU3DCombatBootsCloud,World/garrison_equipment_cloud.yml,False,62,62,62,62,62,62,1,retained geometry,,
CMU3DComfyChairARES,World/garrison_interiors.yml,False,25,25,25,25,25,25,1,retained geometry,,
CMU3DComfyChairAlpha,World/garrison_interiors.yml,False,25,25,25,25,25,25,1,retained geometry,,
CMU3DComfyChairBlack,World/garrison_models.yml,False,25,25,25,25,25,25,1,retained geometry,,
CMU3DComfyChairBlue,World/garrison_interiors.yml,False,25,25,25,25,25,25,1,retained geometry,,
CMU3DComfyChairBravo,World/garrison_interiors.yml,False,25,25,25,25,25,25,1,retained geometry,,
CMU3DComfyChairBrown,World/garrison_interiors.yml,False,25,25,25,25,25,25,1,retained geometry,,
CMU3DComfyChairCharlie,World/garrison_interiors.yml,False,25,25,25,25,25,25,1,retained geometry,,
CMU3DComfyChairLime,World/garrison_interiors.yml,False,25,25,25,25,25,25,1,retained geometry,,
CMU3DComfyChairTeal,World/garrison_interiors.yml,False,25,25,25,25,25,25,1,retained geometry,,
CMU3DCommsMastGovforCloud,World/garrison_machinery_extra_cloud.yml,False,62,60,62,60,62,60,1,simplified,page-04.png,6
CMU3DCommunicationsTowerCloud,World/garrison_outdoor_cloud.yml,False,53,53,269,269,57,57,5,retained geometry,,
CMU3DCommunicationsTowerOnCloud,World/garrison_outdoor_cloud.yml,False,53,53,269,269,57,57,5,retained geometry,,
CMU3DConcretePlanter,World/garrison_interiors.yml,False,37,37,37,37,37,37,1,retained geometry,,
CMU3DConcreteStatueCloud,World/garrison_structural_vehicle_cloud.yml,False,23,23,23,23,23,23,1,retained geometry,,
CMU3DContainerVerticalBottomCloud,World/garrison_structural_vehicle_cloud.yml,False,40,39,40,39,40,39,1,simplified,page-04.png,7
CMU3DContainerVerticalMiddleCloud,World/garrison_structural_vehicle_cloud.yml,False,24,24,24,24,24,24,1,retained geometry,,
CMU3DContainerVerticalTopCloud,World/garrison_structural_vehicle_cloud.yml,False,26,26,26,26,26,26,1,retained geometry,,
CMU3DContainmentCorner,World/garrison_containment_walls.yml,False,61,61,61,61,61,61,1,retained geometry,,
CMU3DContainmentEast,World/garrison_containment_walls.yml,False,52,52,52,52,52,52,1,retained geometry,,
CMU3DContainmentNorth,World/garrison_containment_walls.yml,False,49,49,49,49,49,49,1,retained geometry,,
CMU3DContainmentNorthEastJunction,World/garrison_containment_walls.yml,False,62,62,62,62,62,62,1,retained geometry,,
CMU3DContainmentNorthWestJunction,World/garrison_containment_walls.yml,False,62,62,62,62,62,62,1,retained geometry,,
CMU3DContainmentSouth,World/garrison_containment_walls.yml,False,49,49,49,49,49,49,1,retained geometry,,
CMU3DContainmentWest,World/garrison_containment_walls.yml,False,52,52,52,52,52,52,1,retained geometry,,
CMU3DConveyorBelt,World/garrison_utilities.yml,False,42,40,42,40,42,40,1,simplified,page-04.png,8
CMU3DCornCob,World/garrison_smallprops.yml,False,60,60,60,60,60,60,1,retained geometry,,
CMU3DCounterBoozeDispenser,World/garrison_consoles.yml,False,59,59,59,59,59,59,1,retained geometry,,
CMU3DCounterSodaDispenser,World/garrison_consoles.yml,False,52,52,52,52,52,52,1,retained geometry,,
CMU3DCraneTrack01,World/garrison_crane_tracks.yml,False,5,5,5,5,5,5,1,retained geometry,,
CMU3DCraneTrack02,World/garrison_crane_tracks.yml,False,5,5,5,5,5,5,1,retained geometry,,
CMU3DCraneTrack04,World/garrison_crane_tracks.yml,False,16,16,16,16,16,16,1,retained geometry,,
CMU3DCraneTrack05,World/garrison_crane_tracks.yml,False,16,16,16,16,16,16,1,retained geometry,,
CMU3DCraneTrack06,World/garrison_crane_tracks.yml,False,23,23,23,23,23,23,1,retained geometry,,
CMU3DCraneTrack08,World/garrison_crane_tracks.yml,False,9,9,9,9,9,9,1,retained geometry,,
CMU3DCraneTrack09,World/garrison_crane_tracks.yml,False,11,11,11,11,11,11,1,retained geometry,,
CMU3DCraneTrack10,World/garrison_crane_tracks.yml,False,9,9,9,9,9,9,1,retained geometry,,
CMU3DCraneTrack11,World/garrison_crane_tracks.yml,False,9,9,9,9,9,9,1,retained geometry,,
CMU3DCrematoriumCloud,World/garrison_service_cloud.yml,False,74,74,74,74,74,74,1,retained geometry,,
CMU3DCryoPodOpenCloud,World/garrison_fixture_final_cloud.yml,False,43,43,43,43,43,43,1,retained geometry,,
CMU3DCryoxadoneBeakerSmallDrinksExtraCloud,World/garrison_drinks_extra_cloud.yml,False,24,24,24,24,24,24,1,retained geometry,,
CMU3DCryoxadoneBeakerSmallDrinksExtraCloudEmptyStudy,World/garrison_drinks_extra_cloud.yml,False,22,22,22,22,22,22,1,retained geometry,,
CMU3DCurvedBanana,World/garrison_smallprops.yml,False,46,46,46,46,46,46,1,retained geometry,,
CMU3DDecorBarrels,World/garrison_machinery_debris.yml,False,18,18,18,18,18,18,1,retained geometry,,
CMU3DDecorFloorBookPile1,World/garrison_skeleton_books.yml,False,50,50,50,50,50,50,1,retained geometry,,
CMU3DDecorFloorBookPile4,World/garrison_machinery_debris.yml,False,12,12,12,12,12,12,1,retained geometry,,
CMU3DDecorFloorBrickrubbleEast,World/garrison_solid_floor_decor.yml,False,24,24,24,24,24,24,1,retained geometry,,
CMU3DDecorFloorBrickrubbleNorth,World/garrison_solid_floor_decor.yml,False,32,32,32,32,32,32,1,retained geometry,,
CMU3DDecorFloorBrickrubbleSouth,World/garrison_solid_floor_decor.yml,False,32,32,32,32,32,32,1,retained geometry,,
CMU3DDecorFloorBrickrubbleSouthEast,World/garrison_solid_floor_decor.yml,False,32,32,32,32,32,32,1,retained geometry,,
CMU3DDecorFloorBrickrubbleSouthWest,World/garrison_solid_floor_decor.yml,False,24,24,24,24,24,24,1,retained geometry,,
CMU3DDecorFloorBrickrubbleWest,World/garrison_solid_floor_decor.yml,False,32,32,32,32,32,32,1,retained geometry,,
CMU3DDecorFloorCardboardEast,World/garrison_solid_floor_decor.yml,False,20,20,20,20,20,20,1,retained geometry,,
CMU3DDecorFloorCardboardNorth,World/garrison_solid_floor_decor.yml,False,21,21,21,21,21,21,1,retained geometry,,
CMU3DDecorFloorCardboardSouth,World/garrison_solid_floor_decor.yml,False,31,31,31,31,31,31,1,retained geometry,,
CMU3DDecorFloorCardboardSouthEast,World/garrison_solid_floor_decor.yml,False,21,21,21,21,21,21,1,retained geometry,,
CMU3DDecorFloorCardboardSouthWest,World/garrison_solid_floor_decor.yml,False,21,21,21,21,21,21,1,retained geometry,,
CMU3DDecorFloorCardboardWest,World/garrison_solid_floor_decor.yml,False,31,31,31,31,31,31,1,retained geometry,,
CMU3DDecorFloorFood1,World/garrison_machinery_debris.yml,False,16,16,16,16,16,16,1,retained geometry,,
CMU3DDecorFloorGlass1,World/garrison_machinery_debris.yml,False,20,20,20,20,20,20,1,retained geometry,,
CMU3DDecorFloorGlass2,World/garrison_machinery_debris.yml,False,17,17,17,17,17,17,1,retained geometry,,
CMU3DDecorFloorGlass3,World/garrison_machinery_debris.yml,False,18,18,18,18,18,18,1,retained geometry,,
CMU3DDecorFloorGlass4,World/garrison_machinery_debris.yml,False,23,23,23,23,23,23,1,retained geometry,,
CMU3DDecorFloorGlass6,World/garrison_machinery_debris.yml,False,20,20,20,20,20,20,1,retained geometry,,
CMU3DDecorFloorPaper1East,World/garrison_floor_papers.yml,False,3,3,3,3,3,3,1,retained geometry,,
CMU3DDecorFloorPaper1North,World/garrison_floor_papers.yml,False,3,3,3,3,3,3,1,retained geometry,,
CMU3DDecorFloorPaper1South,World/garrison_floor_papers.yml,False,3,3,3,3,3,3,1,retained geometry,,
CMU3DDecorFloorPaper1West,World/garrison_floor_papers.yml,False,4,4,4,4,4,4,1,retained geometry,,
CMU3DDecorFloorPaper2East,World/garrison_floor_papers.yml,False,1,1,1,1,1,1,1,retained geometry,,
CMU3DDecorFloorPaper2North,World/garrison_floor_papers.yml,False,3,3,3,3,3,3,1,retained geometry,,
CMU3DDecorFloorPaper2South,World/garrison_floor_papers.yml,False,3,3,3,3,3,3,1,retained geometry,,
CMU3DDecorFloorPaper2West,World/garrison_floor_papers.yml,False,3,3,3,3,3,3,1,retained geometry,,
CMU3DDecorFloorPaper3East,World/garrison_floor_papers.yml,False,4,4,4,4,4,4,1,retained geometry,,
CMU3DDecorFloorPaper3North,World/garrison_floor_papers.yml,False,2,2,2,2,2,2,1,retained geometry,,
CMU3DDecorFloorPaper3South,World/garrison_floor_papers.yml,False,1,1,1,1,1,1,1,retained geometry,,
CMU3DDecorFloorPaper3West,World/garrison_floor_papers.yml,False,1,1,1,1,1,1,1,retained geometry,,
CMU3DDecorFloorPaperEast,World/garrison_floor_papers.yml,False,1,1,1,1,1,1,1,retained geometry,,
CMU3DDecorFloorPaperNorth,World/garrison_floor_papers.yml,False,1,1,1,1,1,1,1,retained geometry,,
CMU3DDecorFloorPaperNorthEast,World/garrison_floor_papers.yml,False,1,1,1,1,1,1,1,retained geometry,,
CMU3DDecorFloorPaperNorthWest,World/garrison_floor_papers.yml,False,2,2,2,2,2,2,1,retained geometry,,
CMU3DDecorFloorPaperSouth,World/garrison_floor_papers.yml,False,2,2,2,2,2,2,1,retained geometry,,
CMU3DDecorFloorPaperSouthEast,World/garrison_floor_papers.yml,False,1,1,1,1,1,1,1,retained geometry,,
CMU3DDecorFloorPaperSouthWest,World/garrison_floor_papers.yml,False,1,1,1,1,1,1,1,retained geometry,,
CMU3DDecorFloorPaperWest,World/garrison_floor_papers.yml,False,1,1,1,1,1,1,1,retained geometry,,
CMU3DDecorFloorScrapwoodEast,World/garrison_solid_floor_decor.yml,False,28,28,28,28,28,28,1,retained geometry,,
CMU3DDecorFloorScrapwoodNorth,World/garrison_solid_floor_decor.yml,False,24,24,24,24,24,24,1,retained geometry,,
CMU3DDecorFloorScrapwoodSouth,World/garrison_solid_floor_decor.yml,False,20,20,20,20,20,20,1,retained geometry,,
CMU3DDecorFloorScrapwoodSouthEast,World/garrison_solid_floor_decor.yml,False,28,28,28,28,28,28,1,retained geometry,,
CMU3DDecorFloorScrapwoodSouthWest,World/garrison_solid_floor_decor.yml,False,20,20,20,20,20,20,1,retained geometry,,
CMU3DDecorFloorScrapwoodWest,World/garrison_solid_floor_decor.yml,False,28,28,28,28,28,28,1,retained geometry,,
CMU3DDecorFloorSkeleton,World/garrison_skeleton_books.yml,False,104,101,104,101,104,101,1,simplified,page-04.png,9
CMU3DDecorFloorSkeletonOver,World/garrison_skeleton_books.yml,False,104,101,104,101,104,101,1,simplified,page-04.png,10
CMU3DDecorFloorTrashbags1,World/garrison_machinery_debris.yml,False,17,17,17,17,17,17,1,retained geometry,,
CMU3DDecorFloorTrashbags2,World/garrison_machinery_debris.yml,False,27,27,27,27,27,27,1,retained geometry,,
CMU3DDecorFloorTrashbags3,World/garrison_machinery_debris.yml,False,27,27,27,27,27,27,1,retained geometry,,
CMU3DDecorFloorTrashbags4,World/garrison_machinery_debris.yml,False,30,30,30,30,30,30,1,retained geometry,,
CMU3DDecorFloorTrashbags5,World/garrison_machinery_debris.yml,False,40,40,40,40,40,40,1,retained geometry,,
CMU3DDecorFloorTrashbags6,World/garrison_machinery_debris.yml,False,30,30,30,30,30,30,1,retained geometry,,
CMU3DDefibrillatorCabinet,World/garrison_utilities.yml,False,12,12,12,12,12,12,1,retained geometry,,
CMU3DDeskLamp,World/garrison_utilities.yml,False,35,35,35,35,35,35,1,retained geometry,,
CMU3DDigitalDeskClock,World/garrison_smallprops.yml,False,11,11,11,11,11,11,1,retained geometry,,
CMU3DDirectionalReinforcedWindow,World/garrison_environment.yml,False,8,8,8,8,8,8,1,retained geometry,,
CMU3DDirectionalTintedWindow,World/garrison_environment.yml,False,6,6,6,6,6,6,1,retained geometry,,
CMU3DDirectionalWindow,World/garrison_environment.yml,False,6,6,6,6,6,6,1,retained geometry,,
CMU3DDisplayMannequinCloud,World/garrison_equipment_cloud.yml,False,41,41,41,41,41,41,1,retained geometry,,
CMU3DDisposalJunction,World/garrison_disposal_junctions.yml,False,32,32,64,64,32,32,2,retained geometry,,
CMU3DDisposalJunctionFlipped,World/garrison_disposal_junctions.yml,False,32,32,64,64,32,32,2,retained geometry,,
CMU3DDisposalJunctionFlippedLoose,World/garrison_disposal_junctions.yml,False,24,24,48,48,24,24,2,retained geometry,,
CMU3DDisposalJunctionLoose,World/garrison_disposal_junctions.yml,False,24,24,48,48,24,24,2,retained geometry,,
CMU3DDisposalUnit,World/garrison_hardware.yml,False,22,22,22,22,22,22,1,retained geometry,,
CMU3DDisposalXJunction,World/garrison_disposal_junctions.yml,False,49,49,98,98,49,49,2,retained geometry,,
CMU3DDisposalXJunctionLoose,World/garrison_disposal_junctions.yml,False,42,42,84,84,42,42,2,retained geometry,,
CMU3DDresserCloud,World/garrison_dresser_cloud.yml,False,45,45,45,45,45,45,1,retained geometry,,
CMU3DDrinkBottleWhiskeyDrinksExtraCloud,World/garrison_drinks_extra_cloud.yml,False,55,55,55,55,55,55,1,retained geometry,,
CMU3DDrinkBottleWhiskeyDrinksExtraCloudOpenStudy,World/garrison_drinks_extra_cloud.yml,False,53,53,53,53,53,53,1,retained geometry,,
CMU3DDrinkCoffee,World/garrison_solution_glasses.yml,False,42,42,168,168,42,42,17,retained geometry,,
CMU3DDrinkCoffeeLiqueurBottleFullDrinksExtraCloud,World/garrison_drinks_extra_cloud.yml,False,55,55,163,163,55,55,3,retained geometry,,
CMU3DDrinkCoffeeLiqueurGlass,World/garrison_solution_glasses.yml,False,40,40,160,160,40,40,16,retained geometry,,
CMU3DDrinkColaCanEmptyDrinksExtraCloud,World/garrison_drinks_extra_cloud.yml,False,49,49,132,132,49,49,3,retained geometry,,
CMU3DDrinkEnergyDrinkCanDrinksExtraCloud,World/garrison_drinks_extra_cloud.yml,False,34,34,118,118,50,50,3,retained geometry,,
CMU3DDrinkGrapeSodaGlass,World/garrison_solution_glasses.yml,False,40,40,112,112,40,40,12,retained geometry,,
CMU3DDrinkIceGlass,World/garrison_solution_glasses.yml,False,38,38,154,153,38,38,16,simplified,page-05.png,1
CMU3DDrinkIcedCoffeeGlass,World/garrison_solution_glasses.yml,False,39,39,166,166,39,39,18,retained geometry,,
CMU3DDrinkIrishCoffeeGlass,World/garrison_solution_glasses.yml,False,40,40,160,160,40,40,16,retained geometry,,
CMU3DDrinkMugOneDrinksExtraCloud,World/garrison_drinks_extra_cloud.yml,False,29,29,29,29,29,29,1,retained geometry,,
CMU3DDrinkOrangeJuice,World/garrison_solution_glasses.yml,False,40,40,168,168,40,40,18,retained geometry,,
CMU3DDrinkSakeGlass,World/garrison_solution_glasses.yml,False,40,40,164,164,40,40,17,retained geometry,,
CMU3DDrinkVodkaGlass,World/garrison_solution_glasses.yml,False,39,39,162,162,39,39,17,retained geometry,,
CMU3DDrinkVodkaMartiniGlass,World/garrison_solution_glasses.yml,False,40,40,160,160,40,40,16,retained geometry,,
CMU3DDrinkVodkaRedBool,World/garrison_solution_glasses.yml,False,39,39,162,162,39,39,17,retained geometry,,
CMU3DDrinkVodkaTonicGlass,World/garrison_solution_glasses.yml,False,39,39,166,166,39,39,18,retained geometry,,
CMU3DDrinkWhiskeyColaGlass,World/garrison_solution_glasses.yml,False,39,39,162,162,39,39,17,retained geometry,,
CMU3DDrinkWhiskeyGlass,World/garrison_solution_glasses.yml,False,39,39,162,162,39,39,17,retained geometry,,
CMU3DDrinkWhiskeySodaGlass,World/garrison_solution_glasses.yml,False,39,39,162,162,39,39,17,retained geometry,,
CMU3DDropshipFabricatorCloud,World/garrison_console_factory_cloud.yml,False,37,37,37,37,37,37,1,retained geometry,,
CMU3DDropshipNavigationCloudEast,World/garrison_machinery_extra_cloud.yml,False,21,17,21,17,21,17,1,simplified,page-05.png,2
CMU3DDropshipNavigationCloudNorth,World/garrison_machinery_extra_cloud.yml,False,21,21,21,21,21,21,1,retained geometry,,
CMU3DDropshipNavigationCloudSouth,World/garrison_machinery_extra_cloud.yml,False,16,16,16,16,16,16,1,retained geometry,,
CMU3DDropshipNavigationCloudWest,World/garrison_machinery_extra_cloud.yml,False,21,17,21,17,21,17,1,simplified,page-05.png,3
CMU3DDropshipSentryDefenseCloud,World/garrison_fixture_final_cloud.yml,False,15,15,15,15,15,15,1,retained geometry,,
CMU3DDropshipSpotlightCloud,World/garrison_fixture_final_cloud.yml,False,20,20,20,20,20,20,1,retained geometry,,
CMU3DElectricGrillCloud,World/garrison_machinery_extra_cloud.yml,False,31,31,31,31,31,31,1,retained geometry,,
CMU3DElectricalToolbox,World/garrison_smallprops.yml,False,20,20,20,20,20,20,1,retained geometry,,
CMU3DElectrifiedGrilleBrokenCloud,World/garrison_fixtures_cloud.yml,False,51,51,51,51,51,51,1,retained geometry,,
CMU3DElectrifiedGrilleCloud,World/garrison_fixtures_cloud.yml,False,71,71,71,71,71,71,1,retained geometry,,
CMU3DElevatorFixedPanel1,World/garrison_structures.yml,False,52,52,52,52,52,52,1,retained geometry,,
CMU3DElevatorFixedPanel3,World/garrison_structures.yml,False,26,26,26,26,26,26,1,retained geometry,,
CMU3DElevatorFixedPanel5,World/garrison_structures.yml,False,54,54,54,54,54,54,1,retained geometry,,
CMU3DElevatorFixedPanel6,World/garrison_structures.yml,False,54,54,54,54,54,54,1,retained geometry,,
CMU3DElevatorFixedPanel7,World/garrison_structures.yml,False,54,54,54,54,54,54,1,retained geometry,,
CMU3DElevatorFixedPanel8,World/garrison_structures.yml,False,54,54,54,54,54,54,1,retained geometry,,
CMU3DElevatorGearWall,World/garrison_structures.yml,False,62,62,62,62,62,62,1,retained geometry,,
CMU3DEmergencyCloset,World/garrison_storage.yml,False,23,23,23,23,23,23,1,retained geometry,,
CMU3DEmergencyToolbox,World/garrison_smallprops.yml,False,20,20,20,20,20,20,1,retained geometry,,
CMU3DEmptyLightReplacerCloud,World/garrison_tools_cloud.yml,False,26,26,52,52,26,26,2,retained geometry,,
CMU3DEmptyMedicalSyringe,World/garrison_smallprops.yml,False,12,12,12,12,12,12,1,retained geometry,,
CMU3DEngineeringReinforcedWall,World/garrison_interiors.yml,False,19,19,19,19,19,19,1,retained geometry,,
CMU3DExtinguisherCabinet,World/garrison_utilities.yml,False,10,10,10,10,10,10,1,retained geometry,,
CMU3DFactionTerminalEast,World/garrison_console_variants.yml,False,14,14,182,182,14,14,13,retained geometry,,
CMU3DFactionTerminalNorth,World/garrison_console_variants.yml,False,14,14,182,182,14,14,13,retained geometry,,
CMU3DFactionTerminalSouth,World/garrison_console_variants.yml,False,14,14,182,182,14,14,13,retained geometry,,
CMU3DFactionTerminalWest,World/garrison_console_variants.yml,False,14,14,182,182,14,14,13,retained geometry,,
CMU3DFancyWoodTable,World/garrison_models.yml,False,17,17,17,17,17,17,1,retained geometry,,
CMU3DFaxMachine,World/garrison_hardware.yml,False,23,23,23,23,23,23,1,retained geometry,,
CMU3DFieldAU14TeleBatonCloud,World/garrison_field_gear_cloud.yml,False,13,13,42,42,16,16,3,retained geometry,,
CMU3DFieldCMEntrenchingToolCloud,World/garrison_field_gear_cloud.yml,False,17,17,17,17,17,17,1,retained geometry,,
CMU3DFieldCMGrenadeHighExplosiveCloud,World/garrison_field_gear_cloud.yml,False,5,5,5,5,5,5,1,retained geometry,,
CMU3DFieldCMM11KnifeCloud,World/garrison_field_gear_cloud.yml,False,25,25,25,25,25,25,1,retained geometry,,
CMU3DFieldHydroponicsToolScytheCloud,World/garrison_field_gear_cloud.yml,False,35,35,35,35,35,35,1,retained geometry,,
CMU3DFieldKukriKnifeCloud,World/garrison_field_gear_cloud.yml,False,26,26,26,26,26,26,1,retained geometry,,
CMU3DFieldMagazineFoamBoxCloud,World/garrison_field_gear_cloud.yml,False,8,8,8,8,8,8,1,retained geometry,,
CMU3DFieldRMCAttachmentB8SmartScopeCloud,World/garrison_field_gear_cloud.yml,False,42,42,42,42,42,42,1,retained geometry,,
CMU3DFieldRMCAttachmentBipodCloud,World/garrison_field_gear_cloud.yml,False,13,13,13,13,13,13,1,retained geometry,,
CMU3DFieldRMCAttachmentM63StockCloud,World/garrison_field_gear_cloud.yml,False,12,12,12,12,12,12,1,retained geometry,,
CMU3DFieldRMCBaseballBatCloud,World/garrison_field_gear_cloud.yml,False,12,12,12,12,12,12,1,retained geometry,,
CMU3DFieldRMCBaseballBatMetalCloud,World/garrison_field_gear_cloud.yml,False,10,10,10,10,10,10,1,retained geometry,,
CMU3DFieldRMCCeremonialSwordCloud,World/garrison_field_gear_cloud.yml,False,48,48,48,48,48,48,1,retained geometry,,
CMU3DFieldRMCCombatUtilityKnifeBCloud,World/garrison_field_gear_cloud.yml,False,21,21,21,21,21,21,1,retained geometry,,
CMU3DFieldRMCGrenadeTrainingCloud,World/garrison_field_gear_cloud.yml,False,5,5,5,5,5,5,1,retained geometry,,
CMU3DFieldRMCIceAxeRedCloud,World/garrison_field_gear_cloud.yml,False,24,24,24,24,24,24,1,retained geometry,,
CMU3DFieldRMCM5BayonetCloud,World/garrison_field_gear_cloud.yml,False,13,13,13,13,13,13,1,retained geometry,,
CMU3DFieldRMCMagazineLMGM60Cloud,World/garrison_field_gear_cloud.yml,False,39,39,39,39,39,39,1,retained geometry,,
CMU3DFieldRMCMagazinePistolB92FSCloud,World/garrison_field_gear_cloud.yml,False,9,9,9,9,9,9,1,retained geometry,,
CMU3DFieldRMCMagazinePistolPK7Cloud,World/garrison_field_gear_cloud.yml,False,8,8,8,8,8,8,1,retained geometry,,
CMU3DFieldRMCMortarShellHECloud,World/garrison_field_gear_cloud.yml,False,13,13,13,13,13,13,1,retained geometry,,
CMU3DFieldRMCSpeedLoader357Cloud,World/garrison_field_gear_cloud.yml,False,20,20,20,20,20,20,1,retained geometry,,
CMU3DFieldRMCSynthBreachingHammerCloud,World/garrison_field_gear_cloud.yml,False,14,14,14,14,14,14,1,retained geometry,,
CMU3DFilingCabinet,World/garrison_utilities.yml,False,19,19,19,19,19,19,1,retained geometry,,
CMU3DFilingCabinetChestAngledCloudEast,World/garrison_room_props_cloud.yml,False,27,27,27,27,27,27,1,retained geometry,,
CMU3DFilingCabinetChestAngledCloudNorth,World/garrison_room_props_cloud.yml,False,27,27,27,27,27,27,1,retained geometry,,
CMU3DFilingCabinetChestAngledCloudSouth,World/garrison_room_props_cloud.yml,False,27,27,27,27,27,27,1,retained geometry,,
CMU3DFilingCabinetChestAngledCloudWest,World/garrison_room_props_cloud.yml,False,27,27,27,27,27,27,1,retained geometry,,
CMU3DFilingCabinetChestCloud,World/garrison_room_props_cloud.yml,False,27,27,27,27,27,27,1,retained geometry,,
CMU3DFilingCabinetChestCloudOpenStudy,World/garrison_room_props_cloud.yml,False,27,27,27,27,27,27,1,retained geometry,,
CMU3DFiltration,World/garrison_filtration_vessels.yml,False,74,74,74,74,74,74,1,retained geometry,,
CMU3DFiltrationDisinfection,World/garrison_filtration_vessels.yml,False,81,81,81,81,81,81,1,retained geometry,,
CMU3DFiltrationDistribution,World/garrison_waste_distribution.yml,False,36,36,36,36,36,36,1,retained geometry,,
CMU3DFiltrationDistributionDamaged,World/garrison_waste_distribution.yml,False,35,35,35,35,35,35,1,retained geometry,,
CMU3DFiltrationSedimentation,World/garrison_sedimentation_tanks.yml,False,99,99,99,99,99,99,1,retained geometry,,
CMU3DFiltrationSedimentationAlt,World/garrison_sedimentation_tanks.yml,False,69,69,69,69,69,69,1,retained geometry,,
CMU3DFireCloset,World/garrison_storage.yml,False,21,21,21,21,21,21,1,retained geometry,,
CMU3DFireExtinguisher,World/garrison_hardware.yml,False,24,20,24,20,24,20,1,simplified,page-05.png,4
CMU3DFireplaceCloud,World/garrison_room_props_cloud.yml,False,47,47,47,47,47,47,1,retained geometry,,
CMU3DFishBassNaturalFinalCloud,World/garrison_natural_final_cloud.yml,False,43,43,43,43,43,43,1,retained geometry,,
CMU3DFishingRodMakeshiftNaturalFinalCloud,World/garrison_natural_final_cloud.yml,False,12,12,24,24,12,12,2,retained geometry,,
CMU3DFishingRodMakeshiftNaturalFinalCloudActiveStudy,World/garrison_natural_final_cloud.yml,False,15,15,15,15,15,15,1,retained geometry,,
CMU3DFishingRodNaturalFinalCloud,World/garrison_natural_final_cloud.yml,False,29,29,58,58,29,29,2,retained geometry,,
CMU3DFishingRodNaturalFinalCloudActiveStudy,World/garrison_natural_final_cloud.yml,False,35,35,35,35,35,35,1,retained geometry,,
CMU3DFlightStairs,World/garrison_architecture.yml,False,16,16,16,16,16,16,1,retained geometry,,
CMU3DFloorVentPump,World/garrison_hardware.yml,False,16,16,16,16,16,16,1,retained geometry,,
CMU3DFlowersbr1,World/garrison_flowers.yml,False,75,75,75,75,75,75,1,retained geometry,,
CMU3DFlowersbr2,World/garrison_flowers.yml,False,60,60,60,60,60,60,1,retained geometry,,
CMU3DFlowersbr3,World/garrison_flowers.yml,False,64,64,64,64,64,64,1,retained geometry,,
CMU3DFlowerspv1,World/garrison_flowers.yml,False,67,67,67,67,67,67,1,retained geometry,,
CMU3DFlowerspv2,World/garrison_flowers.yml,False,71,71,71,71,71,71,1,retained geometry,,
CMU3DFlowerspv3,World/garrison_flowers.yml,False,69,69,69,69,69,69,1,retained geometry,,
CMU3DFlowersy1,World/garrison_flowers.yml,False,75,75,75,75,75,75,1,retained geometry,,
CMU3DFlowersy3,World/garrison_flowers.yml,False,77,77,77,77,77,77,1,retained geometry,,
CMU3DFlowersy4,World/garrison_flowers.yml,False,63,63,63,63,63,63,1,retained geometry,,
CMU3DFolderBlack,World/garrison_interiors.yml,False,6,6,6,6,6,6,1,retained geometry,,
CMU3DFolderBlue,World/garrison_interiors.yml,False,6,6,6,6,6,6,1,retained geometry,,
CMU3DFolderManila,World/garrison_interiors.yml,False,6,6,6,6,6,6,1,retained geometry,,
CMU3DFolderRed,World/garrison_interiors.yml,False,6,6,6,6,6,6,1,retained geometry,,
CMU3DFolderWhite,World/garrison_interiors.yml,False,6,6,6,6,6,6,1,retained geometry,,
CMU3DFolderYellow,World/garrison_interiors.yml,False,6,6,6,6,6,6,1,retained geometry,,
CMU3DFoldingChair,World/garrison_models.yml,False,29,27,29,27,29,27,1,simplified,page-05.png,5
CMU3DFoodBowlBigCloud,World/garrison_food_cloud.yml,False,50,26,50,26,50,26,1,simplified,page-05.png,6
CMU3DFoodBurgerBigCloud,World/garrison_food_cloud.yml,False,50,50,50,50,50,50,1,retained geometry,,
CMU3DFoodBurgerCheeseCloud,World/garrison_food_cloud.yml,False,34,34,34,34,34,34,1,retained geometry,,
CMU3DFoodContainerEggExtraCloud,World/garrison_food_extra_cloud.yml,False,37,37,37,37,37,37,1,retained geometry,,
CMU3DFoodContainerEggOpenEmptyStudyExtraCloud,World/garrison_food_extra_cloud.yml,False,107,107,107,107,107,107,1,retained geometry,,
CMU3DFoodContainerEggOpenFullStudyExtraCloud,World/garrison_food_extra_cloud.yml,False,119,119,119,119,119,119,1,retained geometry,,
CMU3DFoodDoughPieCloud,World/garrison_food_cloud.yml,False,7,7,7,7,7,7,1,retained geometry,,
CMU3DFoodEggCreamExtraCloud,World/garrison_food_extra_cloud.yml,False,1,1,1,1,1,1,1,retained geometry,,
CMU3DFoodEggWhiteExtraCloud,World/garrison_food_extra_cloud.yml,False,1,1,1,1,1,1,1,retained geometry,,
CMU3DFoodMealFriesExtraCloud,World/garrison_food_extra_cloud.yml,False,74,74,74,74,74,74,1,retained geometry,,
CMU3DFoodMealSashimiExtraCloud,World/garrison_food_extra_cloud.yml,False,118,102,118,102,118,102,1,simplified,page-05.png,7
CMU3DFoodMeatBaconExtraCloud,World/garrison_food_extra_cloud.yml,False,39,39,39,39,39,39,1,retained geometry,,
CMU3DFoodMeatCookedExtraCloud,World/garrison_food_extra_cloud.yml,False,27,27,27,27,27,27,1,retained geometry,,
CMU3DFoodNoodlesExtraCloud,World/garrison_food_extra_cloud.yml,False,100,100,100,100,100,100,1,retained geometry,,
CMU3DFoodPizzaBoxCloud,World/garrison_storage_cloud.yml,False,15,13,15,13,15,13,1,simplified,page-05.png,8
CMU3DFoodPizzaBoxCloudOpenStudy,World/garrison_storage_cloud.yml,False,15,15,15,15,15,15,1,retained geometry,,
CMU3DFoodPlateCloud,World/garrison_food_cloud.yml,False,50,38,50,38,50,38,1,simplified,page-05.png,9
CMU3DFoodPotatoDrinksExtraCloud,World/garrison_drinks_extra_cloud.yml,False,9,9,18,18,9,9,2,retained geometry,,
CMU3DFoodRiceEggCloud,World/garrison_food_cloud.yml,False,113,89,113,89,113,89,1,simplified,page-05.png,10
CMU3DFoodRicePuddingCloud,World/garrison_food_cloud.yml,False,79,55,79,55,79,55,1,simplified,page-06.png,1
CMU3DFoodSaladKimchiCloud,World/garrison_food_cloud.yml,False,81,57,81,57,81,57,1,simplified,page-06.png,2
CMU3DFoodSoupBisqueCloud,World/garrison_food_cloud.yml,False,78,54,78,54,78,54,1,simplified,page-06.png,3
CMU3DFoodSoupChiliHotCloud,World/garrison_food_cloud.yml,False,84,60,84,60,84,60,1,simplified,page-06.png,4
CMU3DFreightAU14ContainerBlueGraffitiLeft,World/garrison_containers.yml,False,29,29,29,29,29,29,1,retained geometry,,
CMU3DFreightAU14ContainerBlueGraffitiMiddle,World/garrison_containers.yml,False,20,20,20,20,20,20,1,retained geometry,,
CMU3DFreightAU14ContainerBlueGraffitiRight,World/garrison_containers.yml,False,29,29,29,29,29,29,1,retained geometry,,
CMU3DFreightAU14ContainerSeegsonLeft,World/garrison_containers.yml,False,29,29,29,29,29,29,1,retained geometry,,
CMU3DFreightAU14ContainerSeegsonMiddle,World/garrison_containers.yml,False,20,20,20,20,20,20,1,retained geometry,,
CMU3DFreightAU14ContainerSeegsonRight,World/garrison_containers.yml,False,29,29,29,29,29,29,1,retained geometry,,
CMU3DFreightAU14ContainerTartarusLeftBlackWY,World/garrison_containers.yml,False,14,14,14,14,14,14,1,retained geometry,,
CMU3DFreightAU14ContainerTartarusLeftBlueWYWings,World/garrison_containers.yml,False,14,14,14,14,14,14,1,retained geometry,,
CMU3DFreightAU14ContainerTartarusLeftGrayWY,World/garrison_containers.yml,False,14,14,14,14,14,14,1,retained geometry,,
CMU3DFreightAU14ContainerTartarusLeftKelland,World/garrison_containers.yml,False,14,14,14,14,14,14,1,retained geometry,,
CMU3DFreightAU14ContainerTartarusLeftKellandAlt,World/garrison_containers.yml,False,14,14,14,14,14,14,1,retained geometry,,
CMU3DFreightAU14ContainerTartarusLeftLightGrayWY,World/garrison_containers.yml,False,14,14,14,14,14,14,1,retained geometry,,
CMU3DFreightAU14ContainerTartarusLeftOffBlueWY,World/garrison_containers.yml,False,14,14,14,14,14,14,1,retained geometry,,
CMU3DFreightAU14ContainerTartarusLeftTanWYWings,World/garrison_containers.yml,False,14,14,14,14,14,14,1,retained geometry,,
CMU3DFreightAU14ContainerTartarusRightBlackWY,World/garrison_containers.yml,False,14,14,14,14,14,14,1,retained geometry,,
CMU3DFreightAU14ContainerTartarusRightBlueWYWings,World/garrison_containers.yml,False,14,14,14,14,14,14,1,retained geometry,,
CMU3DFreightAU14ContainerTartarusRightGrayWY,World/garrison_containers.yml,False,14,14,14,14,14,14,1,retained geometry,,
CMU3DFreightAU14ContainerTartarusRightKelland,World/garrison_containers.yml,False,14,14,14,14,14,14,1,retained geometry,,
CMU3DFreightAU14ContainerTartarusRightLightGrayWY,World/garrison_containers.yml,False,14,14,14,14,14,14,1,retained geometry,,
CMU3DFreightAU14ContainerTartarusRightOffBlueWY,World/garrison_containers.yml,False,14,14,14,14,14,14,1,retained geometry,,
CMU3DFreightAU14ContainerTartarusRightTanWYWings,World/garrison_containers.yml,False,14,14,14,14,14,14,1,retained geometry,,
CMU3DFreightAU14ContainerUSCMLeft,World/garrison_containers.yml,False,29,29,29,29,29,29,1,retained geometry,,
CMU3DFreightAU14ContainerUSCMMiddle,World/garrison_containers.yml,False,20,20,20,20,20,20,1,retained geometry,,
CMU3DFreightAU14ContainerUSCMRight,World/garrison_containers.yml,False,29,29,29,29,29,29,1,retained geometry,,
CMU3DFreightAU14ContainerWYLeft,World/garrison_containers.yml,False,29,29,29,29,29,29,1,retained geometry,,
CMU3DFreightAU14ContainerWYMiddle,World/garrison_containers.yml,False,20,20,20,20,20,20,1,retained geometry,,
CMU3DFreightAU14ContainerWYRight,World/garrison_containers.yml,False,29,29,29,29,29,29,1,retained geometry,,
CMU3DFreightRMCContainerBlueLeft,World/garrison_containers.yml,False,29,29,29,29,29,29,1,retained geometry,,
CMU3DFreightRMCContainerBlueMiddle,World/garrison_containers.yml,False,20,20,20,20,20,20,1,retained geometry,,
CMU3DFreightRMCContainerBlueRight,World/garrison_containers.yml,False,29,29,29,29,29,29,1,retained geometry,,
CMU3DFreightRMCContainerShortBlueLeft,World/garrison_containers.yml,False,14,14,14,14,14,14,1,retained geometry,,
CMU3DFreightRMCContainerShortBlueRight,World/garrison_containers.yml,False,14,14,14,14,14,14,1,retained geometry,,
CMU3DFreightRMCContainerShortGreenLeft,World/garrison_containers.yml,False,14,14,14,14,14,14,1,retained geometry,,
CMU3DFreightRMCContainerShortGreenRight,World/garrison_containers.yml,False,14,14,14,14,14,14,1,retained geometry,,
CMU3DFreightRMCContainerShortRedLeft,World/garrison_containers.yml,False,14,14,14,14,14,14,1,retained geometry,,
CMU3DFreightRMCContainerShortRedRight,World/garrison_containers.yml,False,14,14,14,14,14,14,1,retained geometry,,
CMU3DFreightRMCContainerShortTanLeft,World/garrison_containers.yml,False,14,14,14,14,14,14,1,retained geometry,,
CMU3DFreightRMCContainerShortTanRight,World/garrison_containers.yml,False,14,14,14,14,14,14,1,retained geometry,,
CMU3DFreightRMCContainerTartarusLeft,World/garrison_containers.yml,False,14,14,14,14,14,14,1,retained geometry,,
CMU3DFreightRMCContainerTartarusRight,World/garrison_containers.yml,False,14,14,14,14,14,14,1,retained geometry,,
CMU3DFridge,World/garrison_models.yml,False,10,10,10,10,10,10,1,retained geometry,,
CMU3DFuelPumpCloud,World/garrison_machinery_extra_cloud.yml,False,102,102,102,102,102,102,1,retained geometry,,
CMU3DFuelTank,World/garrison_utilities.yml,False,12,12,12,12,12,12,1,retained geometry,,
CMU3DFullBloodPack,World/garrison_smallprops.yml,False,19,19,19,19,19,19,1,retained geometry,,
CMU3DFullTrashBag,World/garrison_interiors.yml,False,18,18,18,18,18,18,1,retained geometry,,
CMU3DFusionFuelCell,World/garrison_interiors.yml,False,17,17,17,17,17,17,1,retained geometry,,
CMU3DFusionGenerator,World/garrison_models.yml,False,36,36,36,36,36,36,1,retained geometry,,
CMU3DGearCloud,World/garrison_outdoor_cloud.yml,False,17,17,34,34,17,17,2,retained geometry,,
CMU3DGearMovingD0F0Cloud,World/garrison_outdoor_cloud.yml,False,17,17,17,17,17,17,1,retained geometry,,
CMU3DGearMovingD0F1Cloud,World/garrison_outdoor_cloud.yml,False,17,17,17,17,17,17,1,retained geometry,,
CMU3DGearMovingD0F2Cloud,World/garrison_outdoor_cloud.yml,False,17,17,17,17,17,17,1,retained geometry,,
CMU3DGearMovingD1F0Cloud,World/garrison_outdoor_cloud.yml,False,17,17,17,17,17,17,1,retained geometry,,
CMU3DGearMovingD1F1Cloud,World/garrison_outdoor_cloud.yml,False,17,17,17,17,17,17,1,retained geometry,,
CMU3DGearMovingD1F2Cloud,World/garrison_outdoor_cloud.yml,False,17,17,17,17,17,17,1,retained geometry,,
CMU3DGenericHeadsetCloud,World/garrison_equipment_cloud.yml,False,23,23,46,46,23,23,2,retained geometry,,
CMU3DGrayCornerStairs,World/garrison_architecture.yml,False,11,11,11,11,11,11,1,retained geometry,,
CMU3DGrayLoungeChair,World/garrison_interiors.yml,False,10,10,10,10,10,10,1,retained geometry,,
CMU3DGrayStairs,World/garrison_architecture.yml,False,8,8,8,8,8,8,1,retained geometry,,
CMU3DGreenApple,World/garrison_smallprops.yml,False,11,11,11,11,11,11,1,retained geometry,,
CMU3DGreenBlinds,World/garrison_remaining_doors.yml,False,62,62,62,62,62,62,1,retained geometry,,
CMU3DGreenBlindsOpen,World/garrison_remaining_doors.yml,False,39,39,39,39,39,39,1,retained geometry,,
CMU3DGreenDumpster,World/garrison_storage.yml,False,42,42,42,42,42,42,1,retained geometry,,
CMU3DGreenEightMonitorBank,World/garrison_consoles.yml,False,54,54,54,54,54,54,1,retained geometry,,
CMU3DGreenFabricCurtain,World/garrison_green_fabric_curtains.yml,False,61,61,61,61,61,61,1,retained geometry,,
CMU3DGreenFabricCurtainOpen,World/garrison_green_fabric_curtains.yml,False,54,54,54,54,54,54,1,retained geometry,,
CMU3DGreenMechanicalToolbox,World/garrison_smallprops.yml,False,20,20,20,20,20,20,1,retained geometry,,
CMU3DGroundChemicalDispenser,World/garrison_consoles.yml,False,29,29,29,29,29,29,1,retained geometry,,
CMU3DGroundsideConsole,World/garrison_utilities.yml,False,11,11,11,11,11,11,1,retained geometry,,
CMU3DGuidebook,World/garrison_interiors.yml,False,8,8,8,8,8,8,1,retained geometry,,
CMU3DHESCOBasketBarrier,World/garrison_structures.yml,False,46,46,46,46,46,46,1,retained geometry,,
CMU3DHandAU14CassetteTapeRisingSunCloud,World/garrison_hand_tools_cloud.yml,False,45,37,90,74,45,37,2,simplified,page-06.png,5
CMU3DHandCMCrowbarCloud,World/garrison_hand_tools_cloud.yml,False,20,20,40,40,20,20,2,retained geometry,,
CMU3DHandCMScrewdriverCloud,World/garrison_hand_tools_cloud.yml,False,10,10,10,10,10,10,1,retained geometry,,
CMU3DHandCMStampApprovedCloud,World/garrison_hand_tools_cloud.yml,False,9,9,18,18,9,9,2,retained geometry,,
CMU3DHandCMStampDeniedCloud,World/garrison_hand_tools_cloud.yml,False,9,9,18,18,9,9,2,retained geometry,,
CMU3DHandCMWelderCloud,World/garrison_hand_tools_cloud.yml,False,31,31,62,62,31,31,2,retained geometry,,
CMU3DHandCMWirecutterCloud,World/garrison_hand_tools_cloud.yml,False,21,21,21,21,21,21,1,retained geometry,,
CMU3DHandHydroponicsToolClippersCloud,World/garrison_hand_tools_cloud.yml,False,27,27,54,54,27,27,2,retained geometry,,
CMU3DHandLantern,World/garrison_hardware.yml,False,18,18,18,18,18,18,1,retained geometry,,
CMU3DHandMaintenanceJackCloud,World/garrison_hand_tools_cloud.yml,False,36,36,72,72,36,36,2,retained geometry,,
CMU3DHandRMCBucketCloud,World/garrison_hand_tools_cloud.yml,False,65,65,130,130,65,65,2,retained geometry,,
CMU3DHandRMCBucketJanitorialCloud,World/garrison_hand_tools_cloud.yml,False,20,20,40,40,20,20,2,retained geometry,,
CMU3DHandRMCCableCoilCloud,World/garrison_hand_tools_cloud.yml,False,54,54,54,54,54,54,1,retained geometry,,
CMU3DHandRMCCassettePlayerCloud,World/garrison_hand_tools_cloud.yml,False,20,20,40,40,20,20,2,retained geometry,,
CMU3DHandRMCRadioHandheldColonyOffCloud,World/garrison_hand_tools_cloud.yml,False,24,24,96,96,24,24,4,retained geometry,,
CMU3DHandRMCShovelCloud,World/garrison_hand_tools_cloud.yml,False,20,20,40,40,20,20,2,retained geometry,,
CMU3DHandRMCToolboxMechanicalGreenCloud,World/garrison_hand_tools_cloud.yml,False,21,21,65,65,23,23,3,retained geometry,,
CMU3DHandRMCZippoExecCloud,World/garrison_hand_tools_cloud.yml,False,11,11,22,22,11,11,2,retained geometry,,
CMU3DHandRMCZippoExecCloudOpenStudy,World/garrison_hand_tools_cloud.yml,False,18,18,18,18,18,18,1,retained geometry,,
CMU3DHeavyVines,World/garrison_environment.yml,False,38,38,38,38,38,38,1,retained geometry,,
CMU3DHospitalPrivacyScreen,World/garrison_interiors.yml,False,33,32,33,32,33,32,1,simplified,page-06.png,6
CMU3DHospitalRollerBed,World/garrison_utilities.yml,False,25,25,25,25,25,25,1,retained geometry,,
CMU3DHospitalRollerBedFolded,World/garrison_fold_states.yml,False,29,29,29,29,29,29,1,retained geometry,,
CMU3DHunterCatwalkAltCloud,World/garrison_fixture_final_cloud.yml,False,40,40,40,40,40,40,1,retained geometry,,
CMU3DHuntingMagazineCloud,World/garrison_ammo_cloud.yml,False,15,15,15,15,15,15,1,retained geometry,,
CMU3DHuntingMagazineCloudEmptyStudy,World/garrison_ammo_cloud.yml,False,13,13,13,13,13,13,1,retained geometry,,
CMU3DHybrisaAirlock,World/garrison_models.yml,False,14,14,14,14,14,14,1,retained geometry,,
CMU3DHybrisaAirlockOpen,World/garrison_door_states.yml,False,8,8,8,8,8,8,1,retained geometry,,
CMU3DHybrisaDoubleGlassDoor,World/garrison_models.yml,False,53,53,53,53,53,53,1,retained geometry,,
CMU3DHybrisaDoubleGlassDoorOpen,World/garrison_door_states.yml,False,8,8,8,8,8,8,1,retained geometry,,
CMU3DHybrisaElectricFence,World/garrison_environment.yml,False,57,57,57,57,57,57,1,retained geometry,,
CMU3DHybrisaElevatorGrate,World/garrison_environment.yml,False,25,25,25,25,25,25,1,retained geometry,,
CMU3DHybrisaEngineeringWall,World/garrison_structures.yml,False,46,46,46,46,46,46,1,retained geometry,,
CMU3DHybrisaEngineeringWindow,World/garrison_structures.yml,False,25,25,25,25,25,25,1,retained geometry,,
CMU3DHybrisaExtinguisherCabinet,World/garrison_hardware.yml,False,32,28,32,28,32,28,1,simplified,page-06.png,7
CMU3DHybrisaFence,World/garrison_environment.yml,False,57,57,57,57,57,57,1,retained geometry,,
CMU3DHybrisaGlassAirlock,World/garrison_utilities.yml,False,24,24,24,24,24,24,1,retained geometry,,
CMU3DHybrisaGlassAirlockOpen,World/garrison_door_states.yml,False,12,12,12,12,12,12,1,retained geometry,,
CMU3DHybrisaHandrail,World/garrison_environment.yml,False,7,7,7,7,7,7,1,retained geometry,,
CMU3DHybrisaHeavyShutter,World/garrison_utilities.yml,False,54,54,54,54,54,54,1,retained geometry,,
CMU3DHybrisaHeavyShutterOpen,World/garrison_utilities.yml,False,31,31,31,31,31,31,1,retained geometry,,
CMU3DHybrisaLatticeCatwalk,World/garrison_environment.yml,False,16,16,16,16,16,16,1,retained geometry,,
CMU3DHybrisaMedicalWall,World/garrison_structures.yml,False,46,46,46,46,46,46,1,retained geometry,,
CMU3DHybrisaMedicalWindow,World/garrison_structures.yml,False,25,25,25,25,25,25,1,retained geometry,,
CMU3DHybrisaPersonalAirlock,World/garrison_models.yml,False,15,15,15,15,15,15,1,retained geometry,,
CMU3DHybrisaPersonalAirlockOpen,World/garrison_door_states.yml,False,8,8,8,8,8,8,1,retained geometry,,
CMU3DHybrisaPerspectiveStairs,World/garrison_architecture.yml,False,8,8,8,8,8,8,1,retained geometry,,
CMU3DHybrisaPlatformThree,World/garrison_environment.yml,False,6,6,6,6,6,6,1,retained geometry,,
CMU3DHybrisaPlatformThreeCorner,World/garrison_environment.yml,False,22,22,22,22,22,22,1,retained geometry,,
CMU3DHybrisaPlatformThreeCornerSmall,World/garrison_environment.yml,False,19,19,19,19,19,19,1,retained geometry,,
CMU3DHybrisaRibbedWall,World/garrison_structures.yml,False,118,118,118,118,118,118,1,retained geometry,,
CMU3DHybrisaRoadCenterBarrier,World/garrison_environment.yml,False,16,16,16,16,16,16,1,retained geometry,,
CMU3DHybrisaRock,World/garrison_environment.yml,False,34,34,34,34,34,34,1,retained geometry,,
CMU3DHybrisaSewerCoverCloud,World/garrison_maintenance_covers_cloud.yml,False,102,102,102,102,102,102,1,retained geometry,,
CMU3DHybrisaStairFlight,World/garrison_environment.yml,False,14,14,14,14,14,14,1,retained geometry,,
CMU3DHybrisaWall,World/garrison_models.yml,False,15,15,15,15,15,15,1,retained geometry,,
CMU3DHybrisaWindow,World/garrison_environment.yml,False,7,7,7,7,7,7,1,retained geometry,,
CMU3DHybrisaWindowShutter,World/garrison_environment.yml,False,19,19,184,184,19,19,15,retained geometry,,
CMU3DHybrisaWindowShutterOpen,World/garrison_environment.yml,False,6,6,171,171,19,19,15,retained geometry,,
CMU3DHydroponicsTray,World/garrison_interiors.yml,False,13,13,13,13,13,13,1,retained geometry,,
CMU3DHyperSleepChamberCloudEast,World/garrison_medical_cloud.yml,False,87,82,405,395,87,82,9,simplified,page-06.png,8
CMU3DHyperSleepChamberCloudNorth,World/garrison_medical_cloud.yml,False,87,82,405,395,87,82,9,simplified,page-06.png,9
CMU3DHyperSleepChamberCloudSouth,World/garrison_medical_cloud.yml,False,87,82,405,395,87,82,9,simplified,page-06.png,10
CMU3DHyperSleepChamberCloudWest,World/garrison_medical_cloud.yml,False,87,82,405,395,87,82,9,simplified,page-07.png,1
CMU3DIVStand,World/garrison_utilities.yml,False,14,14,14,14,14,14,1,retained geometry,,
CMU3DIdTerminalEast,World/garrison_console_variants.yml,False,14,14,84,84,14,14,6,retained geometry,,
CMU3DIdTerminalNorth,World/garrison_console_variants.yml,False,14,14,84,84,14,14,6,retained geometry,,
CMU3DIdTerminalSouth,World/garrison_console_variants.yml,False,14,14,84,84,14,14,6,retained geometry,,
CMU3DIdTerminalWest,World/garrison_console_variants.yml,False,14,14,84,84,14,14,6,retained geometry,,
CMU3DIdentityCRTTerminal,World/garrison_consoles.yml,False,52,52,52,52,52,52,1,retained geometry,,
CMU3DInheritedClosetsBioCloud,World/garrison_inherited_storage_cloud.yml,False,23,23,23,23,23,23,1,retained geometry,,
CMU3DInheritedClosetsBioJanitorCloud,World/garrison_inherited_storage_cloud.yml,False,23,23,23,23,23,23,1,retained geometry,,
CMU3DInheritedClosetsBioScientistCloud,World/garrison_inherited_storage_cloud.yml,False,29,29,29,29,29,29,1,retained geometry,,
CMU3DInheritedClosetsToolclosetCloud,World/garrison_inherited_storage_cloud.yml,False,29,29,29,29,29,29,1,retained geometry,,
CMU3DInheritedCratesConstructionCloud,World/garrison_inherited_storage_cloud.yml,False,18,18,18,18,18,18,1,retained geometry,,
CMU3DInheritedCratesFreezerCloud,World/garrison_inherited_storage_cloud.yml,False,29,29,29,29,29,29,1,retained geometry,,
CMU3DInheritedCratesMinecartCloud,World/garrison_inherited_storage_cloud.yml,False,29,29,29,29,29,29,1,retained geometry,,
CMU3DInheritedCratesPlasticCloud,World/garrison_inherited_storage_cloud.yml,False,21,21,21,21,21,21,1,retained geometry,,
CMU3DInheritedCratesSecureAmmoCloud,World/garrison_inherited_storage_cloud.yml,False,19,19,19,19,19,19,1,retained geometry,,
CMU3DInheritedCratesSecureMedicalCloud,World/garrison_inherited_storage_cloud.yml,False,26,26,26,26,26,26,1,retained geometry,,
CMU3DInheritedCratesSecureWeYaCloud,World/garrison_inherited_storage_cloud.yml,False,24,24,24,24,24,24,1,retained geometry,,
CMU3DInheritedCratesSupplyCloud,World/garrison_inherited_storage_cloud.yml,False,30,30,30,30,30,30,1,retained geometry,,
CMU3DInheritedCratesTrashCartCloud,World/garrison_inherited_storage_cloud.yml,False,41,41,41,41,41,41,1,retained geometry,,
CMU3DInheritedCratesWeaponsCloud,World/garrison_inherited_storage_cloud.yml,False,19,19,19,19,19,19,1,retained geometry,,
CMU3DInheritedLockersEngineerElectricCloud,World/garrison_inherited_storage_cloud.yml,False,30,30,30,30,30,30,1,retained geometry,,
CMU3DInheritedLockersEngineerWelderCloud,World/garrison_inherited_storage_cloud.yml,False,30,30,30,30,30,30,1,retained geometry,,
CMU3DInheritedLockersGunCabinetCloud,World/garrison_inherited_storage_cloud.yml,False,49,49,49,49,49,49,1,retained geometry,,
CMU3DInheritedLockersMedicalCloud,World/garrison_inherited_storage_cloud.yml,False,31,31,31,31,31,31,1,retained geometry,,
CMU3DInheritedLockersMedicalWhiteCloud,World/garrison_inherited_storage_cloud.yml,False,31,31,31,31,31,31,1,retained geometry,,
CMU3DInheritedLockersPoliceCloud,World/garrison_inherited_storage_cloud.yml,False,31,31,31,31,31,31,1,retained geometry,,
CMU3DInheritedStructureCMAirlockGlassHybrisaPersonalCloud,World/garrison_inherited_structure_cloud.yml,False,17,17,17,17,17,17,1,retained geometry,,
CMU3DInheritedStructureCMAirlockPrisonCloud,World/garrison_inherited_structure_cloud.yml,False,34,34,34,34,34,34,1,retained geometry,,
CMU3DInheritedStructureCMCatwalkShivaCloud,World/garrison_inherited_structure_cloud.yml,False,16,16,16,16,16,16,1,retained geometry,,
CMU3DInheritedStructureCMChairOfficeWhiteCloud,World/garrison_inherited_structure_cloud.yml,False,21,21,21,21,21,21,1,retained geometry,,
CMU3DInheritedStructureCMTableWoodenGamblingCloud,World/garrison_inherited_structure_cloud.yml,False,18,18,18,18,18,18,1,retained geometry,,
CMU3DInheritedStructureCMUZLevelHatchThroughDownCloudStudy,World/garrison_inherited_structure_cloud.yml,False,18,18,18,18,18,18,1,retained geometry,,
CMU3DInheritedStructureCMUZLevelLadderThroughDown2CloudStudy,World/garrison_inherited_structure_cloud.yml,False,8,8,8,8,8,8,1,retained geometry,,
CMU3DInheritedStructureCMWashingMachineDoubleCloud,World/garrison_inherited_structure_cloud.yml,False,64,64,64,64,64,64,1,retained geometry,,
CMU3DInheritedStructureDecorFloorBrickStackCloud,World/garrison_inherited_structure_cloud.yml,False,34,34,34,34,34,34,1,retained geometry,,
CMU3DInheritedStructureRMCAlmayerStairsCloud,World/garrison_inherited_structure_cloud.yml,False,8,8,8,8,8,8,1,retained geometry,,
CMU3DInheritedStructureRMCBarricadeHandrailKutjevoCloud,World/garrison_inherited_structure_cloud.yml,False,8,8,8,8,8,8,1,retained geometry,,
CMU3DInheritedStructureRMCBedPsychCloud,World/garrison_inherited_structure_cloud.yml,False,14,14,14,14,14,14,1,retained geometry,,
CMU3DInheritedStructureRMCCatwalkHybrisaCloud,World/garrison_inherited_structure_cloud.yml,False,30,30,30,30,30,30,1,retained geometry,,
CMU3DInheritedStructureRMCCouchEndLowerBrownCloud,World/garrison_inherited_structure_cloud.yml,False,21,21,21,21,21,21,1,retained geometry,,
CMU3DInheritedStructureRMCCouchEndUpperBrownCloud,World/garrison_inherited_structure_cloud.yml,False,21,21,21,21,21,21,1,retained geometry,,
CMU3DInheritedStructureRMCCouchLeftBarCloud,World/garrison_inherited_structure_cloud.yml,False,8,8,8,8,8,8,1,retained geometry,,
CMU3DInheritedStructureRMCCouchMidBrownCloud,World/garrison_inherited_structure_cloud.yml,False,19,19,19,19,19,19,1,retained geometry,,
CMU3DInheritedStructureRMCCouchRightBarCloud,World/garrison_inherited_structure_cloud.yml,False,8,8,8,8,8,8,1,retained geometry,,
CMU3DInheritedStructureRMCMechPowerLoaderGreenCloud,World/garrison_inherited_structure_cloud.yml,False,48,48,48,48,48,48,1,retained geometry,,
CMU3DInheritedStructureRMCOverheadFuelLine10Cloud,World/garrison_inherited_structure_cloud.yml,False,10,10,10,10,10,10,1,retained geometry,,
CMU3DInheritedStructureRMCOverheadFuelLine11Cloud,World/garrison_inherited_structure_cloud.yml,False,10,10,10,10,10,10,1,retained geometry,,
CMU3DInheritedStructureRMCOverheadFuelLine12Cloud,World/garrison_inherited_structure_cloud.yml,False,4,4,4,4,4,4,1,retained geometry,,
CMU3DInheritedStructureRMCOverheadFuelLine14Cloud,World/garrison_inherited_structure_cloud.yml,False,6,6,6,6,6,6,1,retained geometry,,
CMU3DInheritedStructureRMCOverheadFuelLine15Cloud,World/garrison_inherited_structure_cloud.yml,False,5,5,5,5,5,5,1,retained geometry,,
CMU3DInheritedStructureRMCOverheadFuelLine16Cloud,World/garrison_inherited_structure_cloud.yml,False,11,11,11,11,11,11,1,retained geometry,,
CMU3DInheritedStructureRMCOverheadFuelLine17Cloud,World/garrison_inherited_structure_cloud.yml,False,10,10,10,10,10,10,1,retained geometry,,
CMU3DInheritedStructureRMCOverheadFuelLine1Cloud,World/garrison_inherited_structure_cloud.yml,False,2,2,2,2,2,2,1,retained geometry,,
CMU3DInheritedStructureRMCOverheadFuelLine3Cloud,World/garrison_inherited_structure_cloud.yml,False,8,8,8,8,8,8,1,retained geometry,,
CMU3DInheritedStructureRMCOverheadFuelLine8Cloud,World/garrison_inherited_structure_cloud.yml,False,6,6,6,6,6,6,1,retained geometry,,
CMU3DInheritedStructureRMCOverheadPipeCapCloud,World/garrison_inherited_structure_cloud.yml,False,2,2,2,2,2,2,1,retained geometry,,
CMU3DInheritedStructureRMCPlatformStrataThreeCornerSmallCloud,World/garrison_inherited_structure_cloud.yml,False,8,8,8,8,8,8,1,retained geometry,,
CMU3DInheritedStructureRMCTablePrisonBeigeCloud,World/garrison_inherited_structure_cloud.yml,False,18,18,18,18,18,18,1,retained geometry,,
CMU3DInheritedStructureRMCWallElevatorArrivalsCloud,World/garrison_inherited_structure_cloud.yml,False,8,8,8,8,8,8,1,retained geometry,,
CMU3DInheritedStructureRMCWallElevatorButtonDormCloud,World/garrison_inherited_structure_cloud.yml,False,10,10,10,10,10,10,1,retained geometry,,
CMU3DInheritedStructureRMCWallElevatorNoConnect2Cloud,World/garrison_inherited_structure_cloud.yml,False,7,7,7,7,7,7,1,retained geometry,,
CMU3DInheritedStructureRMCWindoorSoroCloud,World/garrison_inherited_structure_cloud.yml,False,9,9,9,9,9,9,1,retained geometry,,
CMU3DJanitorialMop,World/garrison_smallprops.yml,False,28,28,28,28,28,28,1,retained geometry,,
CMU3DKoorCigaretteVendor,World/garrison_vendor_family.yml,False,31,31,31,31,31,31,1,retained geometry,,
CMU3DKutjevoRock,World/garrison_environment.yml,False,34,34,34,34,34,34,1,retained geometry,,
CMU3DKutjevoRockBorder,World/garrison_environment.yml,False,34,34,34,34,34,34,1,retained geometry,,
CMU3DLaceupShoesCloud,World/garrison_equipment_cloud.yml,False,54,54,108,108,54,54,2,retained geometry,,
CMU3DLadderThroughDown,World/garrison_ladders.yml,False,30,30,60,60,30,30,2,retained geometry,,
CMU3DLadderThroughDown3,World/garrison_ladders.yml,False,27,27,54,54,27,27,2,retained geometry,,
CMU3DLadderThroughUp1,World/garrison_ladders.yml,False,35,35,70,70,35,35,2,retained geometry,,
CMU3DLadderThroughUp3,World/garrison_ladders.yml,False,36,36,72,72,36,36,2,retained geometry,,
CMU3DLandingFloodlight,World/garrison_interiors.yml,False,12,12,12,12,12,12,1,retained geometry,,
CMU3DLargeMagazinePouchCloud,World/garrison_ammo_cloud.yml,False,57,57,57,57,57,57,1,retained geometry,,
CMU3DLargeMagazinePouchCloudOpenStudy,World/garrison_ammo_cloud.yml,False,55,55,55,55,55,55,1,retained geometry,,
CMU3DLargeWoodCrate,World/garrison_models.yml,False,19,19,19,19,19,19,1,retained geometry,,
CMU3DLeafyCabbage,World/garrison_smallprops.yml,False,22,22,22,22,22,22,1,retained geometry,,
CMU3DLegacyAlmayerDoor,World/garrison_door_states.yml,False,67,67,67,67,67,67,1,retained geometry,,
CMU3DLegacyAlmayerDoorOpen,World/garrison_door_states.yml,False,9,9,9,9,9,9,1,retained geometry,,
CMU3DLegacyEngineerDoor,World/garrison_door_states.yml,False,51,51,51,51,51,51,1,retained geometry,,
CMU3DLegacyEngineerDoorOpen,World/garrison_door_states.yml,False,9,9,9,9,9,9,1,retained geometry,,
CMU3DLightVines,World/garrison_environment.yml,False,15,15,15,15,15,15,1,retained geometry,,
CMU3DLimbPrinterCloud,World/garrison_medical_cloud.yml,False,26,26,260,260,26,26,10,retained geometry,,
CMU3DLinenBinEmptyCloud,World/garrison_room_props_cloud.yml,False,57,57,57,57,57,57,1,retained geometry,,
CMU3DLinenBinFullCloud,World/garrison_room_props_cloud.yml,False,77,77,77,77,77,77,1,retained geometry,,
CMU3DLinenBinHalfCloudStudy,World/garrison_room_props_cloud.yml,False,65,65,65,65,65,65,1,retained geometry,,
CMU3DLocker,World/garrison_models.yml,False,12,12,12,12,12,12,1,retained geometry,,
CMU3DLooseAU14CivilianKellandMiningClothes,World/garrison_loose_uniforms.yml,False,40,37,80,74,40,37,2,simplified,page-07.png,2
CMU3DLooseAU14CivilianPrisonJumpsuit,World/garrison_loose_uniforms.yml,False,44,41,88,82,44,41,2,simplified,page-07.png,3
CMU3DLooseCMBHelmet,World/garrison_loose_headgear.yml,False,10,10,20,20,10,10,2,retained geometry,,
CMU3DLooseFloorBoard11,World/garrison_loose_planks.yml,False,18,18,18,18,18,18,1,retained geometry,,
CMU3DLooseFloorBoard17,World/garrison_loose_planks.yml,False,19,19,19,19,19,19,1,retained geometry,,
CMU3DLooseFloorBoard18,World/garrison_loose_planks.yml,False,29,27,29,27,29,27,1,simplified,page-07.png,4
CMU3DLooseFloorBoard19,World/garrison_loose_planks.yml,False,22,21,22,21,22,21,1,simplified,page-07.png,5
CMU3DLooseFloorBoard22,World/garrison_loose_planks.yml,False,11,11,11,11,11,11,1,retained geometry,,
CMU3DLooseFloorBoard23,World/garrison_loose_planks.yml,False,30,26,30,26,30,26,1,simplified,page-07.png,6
CMU3DLooseFloorBoard3,World/garrison_loose_planks.yml,False,32,31,32,31,32,31,1,simplified,page-07.png,7
CMU3DLooseFloorBoard4,World/garrison_loose_planks.yml,False,31,29,31,29,31,29,1,simplified,page-07.png,8
CMU3DLooseFloorBoard8,World/garrison_loose_planks.yml,False,16,16,16,16,16,16,1,retained geometry,,
CMU3DLooseHardhatBlue,World/garrison_loose_headgear.yml,False,6,6,12,12,6,6,2,retained geometry,,
CMU3DLooseHardhatOrange,World/garrison_loose_headgear.yml,False,6,6,12,12,6,6,2,retained geometry,,
CMU3DLooseHardhatYellow,World/garrison_loose_headgear.yml,False,6,6,12,12,6,6,2,retained geometry,,
CMU3DLooseHatchet,World/garrison_loose_tools.yml,False,31,31,62,62,31,31,2,retained geometry,,
CMU3DLooseKitchenKnife,World/garrison_loose_tools.yml,False,17,17,34,34,17,17,2,retained geometry,,
CMU3DLooseMiniHoe,World/garrison_loose_tools.yml,False,54,54,108,108,54,54,2,retained geometry,,
CMU3DLoosePlasticKnife,World/garrison_loose_tools.yml,False,15,15,30,30,15,15,2,retained geometry,,
CMU3DLooseRMCSwatCMBUniform,World/garrison_loose_uniforms.yml,False,44,39,88,78,44,39,2,simplified,page-07.png,9
CMU3DLooseSWATVisor,World/garrison_loose_headgear.yml,False,5,5,10,10,5,5,2,retained geometry,,
CMU3DLooseSpade,World/garrison_loose_tools.yml,False,23,23,46,46,23,23,2,retained geometry,,
CMU3DLooseSpoon,World/garrison_loose_tools.yml,False,15,15,30,30,15,15,2,retained geometry,,
CMU3DLooseWrench,World/garrison_loose_tools.yml,False,16,16,32,32,16,16,2,retained geometry,,
CMU3DM4RArmorCloud,World/garrison_equipment_cloud.yml,False,24,24,24,24,24,24,1,retained geometry,,
CMU3DMPSComputer,World/garrison_utilities.yml,False,27,27,27,27,27,27,1,retained geometry,,
CMU3DMachineFrameReadyCloud,World/garrison_console_factory_cloud.yml,False,68,52,68,52,68,52,1,simplified,page-07.png,10
CMU3DMachineFrameUnfinishedCloud,World/garrison_console_factory_cloud.yml,False,18,18,18,18,18,18,1,retained geometry,,
CMU3DMaintenanceAirlock,World/garrison_utilities.yml,False,36,36,36,36,36,36,1,retained geometry,,
CMU3DMaintenanceAirlockOpen,World/garrison_door_states.yml,False,8,8,8,8,8,8,1,retained geometry,,
CMU3DMaintenanceHatchCloud,World/garrison_maintenance_covers_cloud.yml,False,55,55,55,55,55,55,1,retained geometry,,
CMU3DMappingComputer,World/garrison_utilities.yml,False,51,51,51,51,51,51,1,retained geometry,,
CMU3DMarineDraft,World/garrison_models.yml,False,26,26,26,26,26,26,1,retained geometry,,
CMU3DMaterialLeisureBarbedWire15Cloud,World/garrison_material_leisure_cloud.yml,False,91,91,91,91,91,91,1,retained geometry,,
CMU3DMaterialLeisureBarrelYardCloud,World/garrison_material_leisure_cloud.yml,False,101,101,101,101,101,101,1,retained geometry,,
CMU3DMaterialLeisureBasketballCloud,World/garrison_material_leisure_cloud.yml,False,49,49,49,49,49,49,1,retained geometry,,
CMU3DMaterialLeisureChessboardCloud,World/garrison_material_leisure_cloud.yml,False,99,99,99,99,99,99,1,retained geometry,,
CMU3DMaterialLeisureGlass50Cloud,World/garrison_material_leisure_cloud.yml,False,16,16,16,16,16,16,1,retained geometry,,
CMU3DMaterialLeisureIceCrystalCloud,World/garrison_material_leisure_cloud.yml,False,18,18,18,18,18,18,1,retained geometry,,
CMU3DMaterialLeisureMetalRods1Cloud,World/garrison_material_leisure_cloud.yml,False,8,8,8,8,8,8,1,retained geometry,,
CMU3DMaterialLeisureOrbCloud,World/garrison_material_leisure_cloud.yml,False,8,8,8,8,8,8,1,retained geometry,,
CMU3DMaterialLeisurePhoron50Cloud,World/garrison_material_leisure_cloud.yml,False,5,5,5,5,5,5,1,retained geometry,,
CMU3DMaterialLeisurePianoCloud,World/garrison_material_leisure_cloud.yml,False,69,69,69,69,69,69,1,retained geometry,,
CMU3DMaterialLeisurePlasteel50Cloud,World/garrison_material_leisure_cloud.yml,False,16,16,16,16,16,16,1,retained geometry,,
CMU3DMaterialLeisureRollingPinCloud,World/garrison_material_leisure_cloud.yml,False,4,4,4,4,4,4,1,retained geometry,,
CMU3DMaterialLeisureRubberDuckCloud,World/garrison_material_leisure_cloud.yml,False,11,11,11,11,11,11,1,retained geometry,,
CMU3DMaterialLeisureSandbagsEmptyCloud,World/garrison_material_leisure_cloud.yml,False,12,12,12,12,12,12,1,retained geometry,,
CMU3DMaterialLeisureSandbagsFull5Cloud,World/garrison_material_leisure_cloud.yml,False,12,12,12,12,12,12,1,retained geometry,,
CMU3DMaterialLeisureSpentCasings4Cloud,World/garrison_material_leisure_cloud.yml,False,90,90,90,90,90,90,1,retained geometry,,
CMU3DMaterialLeisureTomDrumsCloud,World/garrison_material_leisure_cloud.yml,False,90,74,90,74,90,74,1,simplified,page-08.png,1
CMU3DMaterialLeisureWood25Cloud,World/garrison_material_leisure_cloud.yml,False,9,9,9,9,9,9,1,retained geometry,,
CMU3DMaterialLeisureWood50Cloud,World/garrison_material_leisure_cloud.yml,False,12,12,12,12,12,12,1,retained geometry,,
CMU3DMechanicalToolbox,World/garrison_smallprops.yml,False,20,20,20,20,20,20,1,retained geometry,,
CMU3DMedicalDoubleGlassDoor,World/garrison_utilities.yml,False,53,53,53,53,53,53,1,retained geometry,,
CMU3DMedicalDoubleGlassDoorOpen,World/garrison_door_states.yml,False,8,8,8,8,8,8,1,retained geometry,,
CMU3DMedicalHandrail,World/garrison_architecture.yml,False,12,12,12,12,12,12,1,retained geometry,,
CMU3DMedicalStorageChest,World/garrison_interiors.yml,False,9,9,9,9,9,9,1,retained geometry,,
CMU3DMedicalVendor,World/garrison_utilities.yml,False,31,31,31,31,31,31,1,retained geometry,,
CMU3DMedilatheLeftCloud,World/garrison_console_factory_cloud.yml,False,49,49,49,49,49,49,1,retained geometry,,
CMU3DMedilatheRightCloud,World/garrison_console_factory_cloud.yml,False,49,49,49,49,49,49,1,retained geometry,,
CMU3DMedilinkPortCloud,World/garrison_service_cloud.yml,False,40,40,40,40,40,40,1,retained geometry,,
CMU3DMetalCatwalk,World/garrison_environment.yml,False,20,20,20,20,20,20,1,retained geometry,,
CMU3DMicrowave,World/garrison_utilities.yml,False,9,9,9,9,9,9,1,retained geometry,,
CMU3DMiningPickaxe,World/garrison_smallprops.yml,False,70,70,70,70,70,70,1,retained geometry,,
CMU3DMissionPlanningCloud,World/garrison_console_factory_cloud.yml,False,20,20,20,20,20,20,1,retained geometry,,
CMU3DMixedBerries,World/garrison_smallprops.yml,False,63,63,63,63,63,63,1,retained geometry,,
CMU3DMorgueUnit,World/garrison_interiors.yml,False,9,9,9,9,9,9,1,retained geometry,,
CMU3DMp5MagazineCloud,World/garrison_ammo_cloud.yml,False,26,26,26,26,26,26,1,retained geometry,,
CMU3DMp5MagazineCloudEmptyStudy,World/garrison_ammo_cloud.yml,False,25,25,25,25,25,25,1,retained geometry,,
CMU3DMultiMonitorBigCloudEast,World/garrison_console_factory_cloud.yml,False,37,29,37,29,37,29,1,simplified,page-08.png,2
CMU3DMultiMonitorBigCloudNorth,World/garrison_console_factory_cloud.yml,False,37,28,37,28,37,28,1,simplified,page-08.png,3
CMU3DMultiMonitorBigCloudSouth,World/garrison_console_factory_cloud.yml,False,37,28,37,28,37,28,1,simplified,page-08.png,4
CMU3DMultiMonitorBigCloudWest,World/garrison_console_factory_cloud.yml,False,37,28,37,28,37,28,1,simplified,page-08.png,5
CMU3DNarrowFilingCabinet,World/garrison_storage.yml,False,28,28,28,28,28,28,1,retained geometry,,
CMU3DNeonBarSign,World/garrison_utilities.yml,False,35,35,35,35,35,35,1,retained geometry,,
CMU3DOfficeChairDark,World/garrison_models.yml,False,17,17,17,17,17,17,1,retained geometry,,
CMU3DOldGreenCRTTerminal,World/garrison_consoles.yml,False,50,50,50,50,50,50,1,retained geometry,,
CMU3DOpenBlackLaptop,World/garrison_consoles.yml,False,42,42,42,42,42,42,1,retained geometry,,
CMU3DOpenHopperReagentGrinder,World/garrison_consoles.yml,False,14,14,14,14,14,14,1,retained geometry,,
CMU3DOperatingTable,World/garrison_utilities.yml,False,14,14,14,14,14,14,1,retained geometry,,
CMU3DOrangeDoorButton,World/garrison_architecture.yml,False,32,21,623,415,52,35,19,simplified,page-08.png,6
CMU3DOrangeDumpster,World/garrison_storage.yml,False,42,42,42,42,42,42,1,retained geometry,,
CMU3DOreBoxCloud,World/garrison_room_props_cloud.yml,False,38,38,38,38,38,38,1,retained geometry,,
CMU3DOreBoxCloudOpenStudy,World/garrison_room_props_cloud.yml,False,36,36,36,36,36,36,1,retained geometry,,
CMU3DOvalWallMirror,World/garrison_architecture.yml,False,10,10,10,10,10,10,1,retained geometry,,
CMU3DOverheadLatticeHorizontal12,World/garrison_redux_lattice.yml,False,20,20,20,20,20,20,1,retained geometry,,
CMU3DOverheadLatticeHorizontal4,World/garrison_redux_lattice.yml,False,20,20,20,20,20,20,1,retained geometry,,
CMU3DOverheadLatticeHorizontal4A,World/garrison_architecture.yml,False,13,13,13,13,13,13,1,retained geometry,,
CMU3DOverheadLatticeHorizontal5A,World/garrison_architecture.yml,False,13,13,13,13,13,13,1,retained geometry,,
CMU3DOverheadLatticeHorizontal6A,World/garrison_architecture.yml,False,12,12,12,12,12,12,1,retained geometry,,
CMU3DOverheadLatticeHorizontal6C,World/garrison_architecture.yml,False,14,14,14,14,14,14,1,retained geometry,,
CMU3DOverheadLatticeHorizontal8,World/garrison_redux_lattice.yml,False,20,20,20,20,20,20,1,retained geometry,,
CMU3DOverheadLatticeVertical1,World/garrison_redux_lattice.yml,False,20,20,20,20,20,20,1,retained geometry,,
CMU3DOverheadLatticeVertical1A,World/garrison_architecture.yml,False,13,13,13,13,13,13,1,retained geometry,,
CMU3DOverheadLatticeVertical2,World/garrison_redux_lattice.yml,False,20,20,20,20,20,20,1,retained geometry,,
CMU3DOverheadLatticeVertical2A,World/garrison_architecture.yml,False,13,13,13,13,13,13,1,retained geometry,,
CMU3DOverheadLatticeVertical3,World/garrison_redux_lattice.yml,False,20,20,20,20,20,20,1,retained geometry,,
CMU3DOverheadLatticeVertical3A,World/garrison_architecture.yml,False,12,12,12,12,12,12,1,retained geometry,,
CMU3DOverheadScrubberElbow,World/garrison_structures.yml,False,9,9,9,9,9,9,1,retained geometry,,
CMU3DOverheadScrubberPipe,World/garrison_structures.yml,False,4,4,4,4,4,4,1,retained geometry,,
CMU3DOverwatchCRTTerminal,World/garrison_consoles.yml,False,53,53,53,53,53,53,1,retained geometry,,
CMU3DPaintingSkeletonCigaretteDecorFinalCloud,World/garrison_decor_final_cloud.yml,False,15,15,15,15,15,15,1,retained geometry,,
CMU3DPairedAlmayerGlass,World/garrison_architecture.yml,False,53,53,53,53,53,53,1,retained geometry,,
CMU3DPairedAlmayerGlassOpen,World/garrison_door_states.yml,False,8,8,8,8,8,8,1,retained geometry,,
CMU3DPairedCommandGlass,World/garrison_architecture.yml,False,53,53,53,53,53,53,1,retained geometry,,
CMU3DPairedCommandGlassOpen,World/garrison_door_states.yml,False,8,8,8,8,8,8,1,retained geometry,,
CMU3DPairedCommandGovforGlass,World/garrison_architecture.yml,False,55,55,55,55,55,55,1,retained geometry,,
CMU3DPairedCommandGovforGlassOpen,World/garrison_door_states.yml,False,8,8,8,8,8,8,1,retained geometry,,
CMU3DPairedEngineerGlass,World/garrison_architecture.yml,False,53,53,53,53,53,53,1,retained geometry,,
CMU3DPairedEngineerGlassOpen,World/garrison_door_states.yml,False,8,8,8,8,8,8,1,retained geometry,,
CMU3DPairedEngineerSolid,World/garrison_architecture.yml,False,57,57,57,57,57,57,1,retained geometry,,
CMU3DPairedEngineerSolidOpen,World/garrison_door_states.yml,False,8,8,8,8,8,8,1,retained geometry,,
CMU3DPairedGovforGlass,World/garrison_architecture.yml,False,53,53,53,53,53,53,1,retained geometry,,
CMU3DPairedGovforGlassOpen,World/garrison_door_states.yml,False,8,8,8,8,8,8,1,retained geometry,,
CMU3DPairedGovforSolid,World/garrison_architecture.yml,False,57,57,57,57,57,57,1,retained geometry,,
CMU3DPairedGovforSolidOpen,World/garrison_door_states.yml,False,8,8,8,8,8,8,1,retained geometry,,
CMU3DPairedHybrisaMedicalGlass,World/garrison_architecture.yml,False,57,57,57,57,57,57,1,retained geometry,,
CMU3DPairedHybrisaMedicalGlassOpen,World/garrison_door_states.yml,False,8,8,8,8,8,8,1,retained geometry,,
CMU3DPairedPersonalSolid,World/garrison_architecture.yml,False,57,57,57,57,57,57,1,retained geometry,,
CMU3DPairedPersonalSolidOpen,World/garrison_door_states.yml,False,8,8,8,8,8,8,1,retained geometry,,
CMU3DPairedSecurityGlass,World/garrison_architecture.yml,False,53,53,53,53,53,53,1,retained geometry,,
CMU3DPairedSecurityGlassOpen,World/garrison_door_states.yml,False,8,8,8,8,8,8,1,retained geometry,,
CMU3DPairedSecuritySolid,World/garrison_architecture.yml,False,57,57,57,57,57,57,1,retained geometry,,
CMU3DPairedSecuritySolidOpen,World/garrison_door_states.yml,False,8,8,8,8,8,8,1,retained geometry,,
CMU3DPaperBin,World/garrison_interiors.yml,False,5,5,5,5,5,5,1,retained geometry,,
CMU3DPaperSheet,World/garrison_interiors.yml,False,3,3,3,3,3,3,1,retained geometry,,
CMU3DPen,World/garrison_interiors.yml,False,14,14,14,14,14,14,1,retained geometry,,
CMU3DPersonalDesktop,World/garrison_interiors.yml,False,39,39,39,39,39,39,1,retained geometry,,
CMU3DPhoneboxOnCloud,World/garrison_room_props_cloud.yml,False,50,50,50,50,50,50,1,retained geometry,,
CMU3DPhoneboxOnCloudOpenStudy,World/garrison_room_props_cloud.yml,False,50,50,50,50,50,50,1,retained geometry,,
CMU3DPhotocopier,World/garrison_hardware.yml,False,23,23,23,23,23,23,1,retained geometry,,
CMU3DPhotocopierPro,World/garrison_hardware.yml,False,23,23,23,23,23,23,1,retained geometry,,
CMU3DPizzaGalaxyBoxCloud,World/garrison_storage_cloud.yml,False,15,13,15,13,15,13,1,simplified,page-08.png,7
CMU3DPizzaGalaxyBoxCloudOpenStudy,World/garrison_storage_cloud.yml,False,15,15,15,15,15,15,1,retained geometry,,
CMU3DPizzaRandomBoxCloud,World/garrison_storage_cloud.yml,False,15,13,15,13,15,13,1,simplified,page-08.png,8
CMU3DPizzaRandomBoxCloudOpenStudy,World/garrison_storage_cloud.yml,False,15,15,15,15,15,15,1,retained geometry,,
CMU3DPlasticRoadBarrierBlue,World/garrison_environment.yml,False,17,17,17,17,17,17,1,retained geometry,,
CMU3DPlasticRoadBarrierRed,World/garrison_environment.yml,False,17,17,17,17,17,17,1,retained geometry,,
CMU3DPlatformCorner,World/garrison_architecture.yml,False,23,23,23,23,23,23,1,retained geometry,,
CMU3DPlatformCornerSmall,World/garrison_architecture.yml,False,4,4,4,4,4,4,1,retained geometry,,
CMU3DPlatformEdge,World/garrison_environment.yml,False,11,11,11,11,11,11,1,retained geometry,,
CMU3DPlatformHybrisaEdge,World/garrison_architecture.yml,False,29,29,29,29,29,29,1,retained geometry,,
CMU3DPlatformHybrisaEdgeCornerSmall,World/garrison_architecture.yml,False,29,29,29,29,29,29,1,retained geometry,,
CMU3DPlatformHybrisaRock,World/garrison_architecture.yml,False,19,19,19,19,19,19,1,retained geometry,,
CMU3DPlatformHybrisaThreeStair,World/garrison_architecture.yml,False,19,19,19,19,19,19,1,retained geometry,,
CMU3DPlatformHybrisaThreeStairAlt,World/garrison_architecture.yml,False,19,19,19,19,19,19,1,retained geometry,,
CMU3DPlatformHybrisaTwo,World/garrison_architecture.yml,False,7,7,7,7,7,7,1,retained geometry,,
CMU3DPlatformHybrisaTwoCornerSmall,World/garrison_architecture.yml,False,46,46,46,46,46,46,1,retained geometry,,
CMU3DPlatformKutjevoRock,World/garrison_architecture.yml,False,19,19,19,19,19,19,1,retained geometry,,
CMU3DPlatformKutjevoRockCornerSmall,World/garrison_architecture.yml,False,7,7,7,7,7,7,1,retained geometry,,
CMU3DPlatformKutjevoSM,World/garrison_architecture.yml,False,3,3,3,3,3,3,1,retained geometry,,
CMU3DPlatformKutjevoSMCorner,World/garrison_architecture.yml,False,6,6,6,6,6,6,1,retained geometry,,
CMU3DPlatformRoundCloud,World/garrison_outdoor_cloud.yml,False,13,13,13,13,13,13,1,retained geometry,,
CMU3DPlatformSandstone,World/garrison_architecture.yml,False,3,3,3,3,3,3,1,retained geometry,,
CMU3DPlatformStairLeft,World/garrison_architecture.yml,False,17,17,17,17,17,17,1,retained geometry,,
CMU3DPlatformStairRight,World/garrison_architecture.yml,False,17,17,17,17,17,17,1,retained geometry,,
CMU3DPlatformStrata,World/garrison_architecture.yml,False,7,7,7,7,7,7,1,retained geometry,,
CMU3DPlatformStrataRock,World/garrison_architecture.yml,False,19,19,19,19,19,19,1,retained geometry,,
CMU3DPlatformStrataRockCornerSmall,World/garrison_architecture.yml,False,7,7,7,7,7,7,1,retained geometry,,
CMU3DPlatformStrataStair,World/garrison_architecture.yml,False,7,7,7,7,7,7,1,retained geometry,,
CMU3DPlatformStrataThree,World/garrison_architecture.yml,False,7,7,7,7,7,7,1,retained geometry,,
CMU3DPlatformStrataTwoCornerSmall,World/garrison_architecture.yml,False,4,4,4,4,4,4,1,retained geometry,,
CMU3DPoorWoodTable,World/garrison_models.yml,False,22,22,22,22,22,22,1,retained geometry,,
CMU3DPortableDefibrillator,World/garrison_utilities.yml,False,11,11,11,11,11,11,1,retained geometry,,
CMU3DPortableSurgicalBedCloud,World/garrison_machinery_extra_cloud.yml,False,21,21,21,21,21,21,1,retained geometry,,
CMU3DPottedPlant0,World/garrison_remaining_plants.yml,False,94,93,94,93,94,93,1,simplified,page-08.png,9
CMU3DPottedPlant1,World/garrison_remaining_plants.yml,False,64,64,64,64,64,64,1,retained geometry,,
CMU3DPottedPlant10,World/garrison_remaining_plants.yml,False,73,72,73,72,73,72,1,simplified,page-08.png,10
CMU3DPottedPlant11,World/garrison_remaining_plants.yml,False,49,33,49,33,49,33,1,simplified,page-09.png,1
CMU3DPottedPlant13,World/garrison_remaining_plants.yml,False,37,37,37,37,37,37,1,retained geometry,,
CMU3DPottedPlant14,World/garrison_remaining_plants.yml,False,34,34,34,34,34,34,1,retained geometry,,
CMU3DPottedPlant16,World/garrison_remaining_plants.yml,False,63,63,63,63,63,63,1,retained geometry,,
CMU3DPottedPlant17,World/garrison_plants.yml,False,37,37,37,37,37,37,1,retained geometry,,
CMU3DPottedPlant18,World/garrison_remaining_plants.yml,False,59,43,59,43,59,43,1,simplified,page-09.png,2
CMU3DPottedPlant19,World/garrison_remaining_plants.yml,False,100,84,100,84,100,84,1,simplified,page-09.png,3
CMU3DPottedPlant2,World/garrison_plants.yml,False,70,67,70,67,70,67,1,simplified,page-09.png,4
CMU3DPottedPlant20,World/garrison_plants.yml,False,48,48,48,48,48,48,1,retained geometry,,
CMU3DPottedPlant21,World/garrison_plants.yml,False,47,47,47,47,47,47,1,retained geometry,,
CMU3DPottedPlant22,World/garrison_plants.yml,False,42,42,42,42,42,42,1,retained geometry,,
CMU3DPottedPlant23,World/garrison_remaining_plants.yml,False,100,84,100,84,100,84,1,simplified,page-09.png,5
CMU3DPottedPlant24,World/garrison_remaining_plants.yml,False,98,81,98,81,98,81,1,simplified,page-09.png,6
CMU3DPottedPlant26,World/garrison_plants.yml,False,47,47,47,47,47,47,1,retained geometry,,
CMU3DPottedPlant27,World/garrison_plants.yml,False,46,46,46,46,46,46,1,retained geometry,,
CMU3DPottedPlant28,World/garrison_plants.yml,False,45,44,45,44,45,44,1,simplified,page-09.png,7
CMU3DPottedPlant29,World/garrison_plants.yml,False,33,33,33,33,33,33,1,retained geometry,,
CMU3DPottedPlant30,World/garrison_remaining_plants.yml,False,37,37,37,37,37,37,1,retained geometry,,
CMU3DPottedPlant4,World/garrison_remaining_plants.yml,False,98,82,98,82,98,82,1,simplified,page-09.png,8
CMU3DPottedPlant5,World/garrison_remaining_plants.yml,False,81,65,81,65,81,65,1,simplified,page-09.png,9
CMU3DPottedPlant6,World/garrison_models.yml,False,43,43,43,43,43,43,1,retained geometry,,
CMU3DPottedPlant7,World/garrison_remaining_plants.yml,False,60,44,60,44,60,44,1,simplified,page-09.png,10
CMU3DPottedPlant8,World/garrison_remaining_plants.yml,False,51,35,51,35,51,35,1,simplified,page-10.png,1
CMU3DPottedPlant9,World/garrison_remaining_plants.yml,False,30,30,30,30,30,30,1,retained geometry,,
CMU3DPowerLoaderDraft,World/garrison_utilities.yml,False,84,84,84,84,84,84,1,retained geometry,,
CMU3DPrintedAU14LandingSignStableColony,World/garrison_printed_props.yml,False,9,9,9,9,9,9,1,retained geometry,,
CMU3DPrintedAU14LandingSignStableMilitary,World/garrison_printed_props.yml,False,4,4,4,4,4,4,1,retained geometry,,
CMU3DPrintedAU14LandingSignStableSpacePort,World/garrison_printed_props.yml,False,12,12,12,12,12,12,1,retained geometry,,
CMU3DPrintedAU14UADeskFlag,World/garrison_printed_props.yml,False,4,4,4,4,4,4,1,retained geometry,,
CMU3DPrintedAU14USCMDeskFlag,World/garrison_printed_props.yml,False,4,4,4,4,4,4,1,retained geometry,,
CMU3DPrintedAU14WallFlagCLF,World/garrison_printed_props.yml,False,4,4,4,4,4,4,1,retained geometry,,
CMU3DPrintedAU14WallFlagTWE,World/garrison_printed_props.yml,False,4,4,4,4,4,4,1,retained geometry,,
CMU3DPrintedAU14WallFlagUA,World/garrison_printed_props.yml,False,4,4,4,4,4,4,1,retained geometry,,
CMU3DPrintedDecorSignMines,World/garrison_printed_props.yml,False,3,3,3,3,3,3,1,retained geometry,,
CMU3DPrintedRMCCarpetBeige1,World/garrison_printed_props.yml,False,1,1,1,1,1,1,1,retained geometry,,
CMU3DPrintedRMCCarpetBeige2,World/garrison_printed_props.yml,False,1,1,1,1,1,1,1,retained geometry,,
CMU3DPrintedRMCCarpetBeige3,World/garrison_printed_props.yml,False,1,1,1,1,1,1,1,retained geometry,,
CMU3DPrintedRMCCarpetBeige4,World/garrison_printed_props.yml,False,1,1,1,1,1,1,1,retained geometry,,
CMU3DPrintedRMCCarpetBeige5,World/garrison_printed_props.yml,False,1,1,1,1,1,1,1,retained geometry,,
CMU3DPrintedRMCCarpetBeige6,World/garrison_printed_props.yml,False,1,1,1,1,1,1,1,retained geometry,,
CMU3DPrintedRMCCarpetBeige7,World/garrison_printed_props.yml,False,1,1,1,1,1,1,1,retained geometry,,
CMU3DPrintedRMCCarpetBeige8,World/garrison_printed_props.yml,False,1,1,1,1,1,1,1,retained geometry,,
CMU3DPrintedRMCCarpetBeige9,World/garrison_printed_props.yml,False,1,1,1,1,1,1,1,retained geometry,,
CMU3DPrintedRMCCarpetBlack1,World/garrison_printed_props.yml,False,1,1,1,1,1,1,1,retained geometry,,
CMU3DPrintedRMCCarpetBlack2,World/garrison_printed_props.yml,False,1,1,1,1,1,1,1,retained geometry,,
CMU3DPrintedRMCCarpetBlack3,World/garrison_printed_props.yml,False,1,1,1,1,1,1,1,retained geometry,,
CMU3DPrintedRMCCarpetBlack4,World/garrison_printed_props.yml,False,1,1,1,1,1,1,1,retained geometry,,
CMU3DPrintedRMCCarpetBlack5,World/garrison_printed_props.yml,False,1,1,1,1,1,1,1,retained geometry,,
CMU3DPrintedRMCCarpetBlack6,World/garrison_printed_props.yml,False,1,1,1,1,1,1,1,retained geometry,,
CMU3DPrintedRMCCarpetBlack7,World/garrison_printed_props.yml,False,1,1,1,1,1,1,1,retained geometry,,
CMU3DPrintedRMCCarpetBlack8,World/garrison_printed_props.yml,False,1,1,1,1,1,1,1,retained geometry,,
CMU3DPrintedRMCCarpetBlack9,World/garrison_printed_props.yml,False,1,1,1,1,1,1,1,retained geometry,,
CMU3DPrintedRMCCarpetGreyBlue1,World/garrison_printed_props.yml,False,1,1,1,1,1,1,1,retained geometry,,
CMU3DPrintedRMCCarpetGreyBlue2,World/garrison_printed_props.yml,False,1,1,1,1,1,1,1,retained geometry,,
CMU3DPrintedRMCCarpetGreyBlue3,World/garrison_printed_props.yml,False,1,1,1,1,1,1,1,retained geometry,,
CMU3DPrintedRMCCarpetGreyBlue5,World/garrison_printed_props.yml,False,1,1,1,1,1,1,1,retained geometry,,
CMU3DPrintedRMCCarpetGreyBlue6,World/garrison_printed_props.yml,False,1,1,1,1,1,1,1,retained geometry,,
CMU3DPrintedRMCCarpetGreyBlue7,World/garrison_printed_props.yml,False,1,1,1,1,1,1,1,retained geometry,,
CMU3DPrintedRMCCarpetGreyBlue8,World/garrison_printed_props.yml,False,1,1,1,1,1,1,1,retained geometry,,
CMU3DPrintedRMCCarpetGreyBlue9,World/garrison_printed_props.yml,False,1,1,1,1,1,1,1,retained geometry,,
CMU3DPrintedRMCOverheadBillboardWallmount23,World/garrison_printed_props.yml,False,4,4,4,4,4,4,1,retained geometry,,
CMU3DPrintedRMCOverheadSignNeonCafeAlt,World/garrison_printed_props.yml,False,3,3,3,3,3,3,1,retained geometry,,
CMU3DPrintedRMCOverheadSignNeonHotel,World/garrison_printed_props.yml,False,3,3,3,3,3,3,1,retained geometry,,
CMU3DPrintedRMCOverheadSignNeonJacks,World/garrison_printed_props.yml,False,3,3,3,3,3,3,1,retained geometry,,
CMU3DPrintedRMCOverheadSignNeonOpen2,World/garrison_printed_props.yml,False,3,3,3,3,3,3,1,retained geometry,,
CMU3DPrintedRMCSignRequisitions,World/garrison_printed_props.yml,False,2,2,2,2,2,2,1,retained geometry,,
CMU3DPrisonCarpet,World/garrison_prison_carpet.yml,False,4,4,4,4,4,4,1,retained geometry,,
CMU3DPrisonCatwalk,World/garrison_environment.yml,False,20,20,20,20,20,20,1,retained geometry,,
CMU3DPrisonCellObservationWindow,World/garrison_structures.yml,False,47,47,47,47,47,47,1,retained geometry,,
CMU3DPrisonHullWall,World/garrison_environment.yml,False,51,51,51,51,51,51,1,retained geometry,,
CMU3DPrisonTable,World/garrison_smallprop_supports.yml,False,15,15,15,15,15,15,1,retained geometry,,
CMU3DPrisonWindow,World/garrison_environment.yml,False,9,9,9,9,9,9,1,retained geometry,,
CMU3DPulseRifleDraft,World/garrison_models.yml,False,21,21,21,21,21,21,1,retained geometry,,
CMU3DPulseRifleUnloadedEquipment,Equipment/garrison_held_equipment_variants.yml,True,21,21,21,21,21,21,1,retained equipment draft,,
CMU3DRMCArmorHelmetSPPFirefighterWorldCloud,World/garrison_bags_helmets_cloud.yml,False,58,58,58,58,58,58,1,retained geometry,,
CMU3DRMCArmorVestTSEPAWorldCloud,World/garrison_clothing_final_cloud.yml,False,20,20,20,20,20,20,1,retained geometry,,
CMU3DRMCAshtrayPrintedSmallCloud,World/garrison_printed_small_cloud.yml,False,33,33,153,153,48,48,4,retained geometry,,
CMU3DRMCBarrelWhite,World/garrison_supplies.yml,False,13,13,13,13,13,13,1,retained geometry,,
CMU3DRMCBarrelYellow,World/garrison_supplies.yml,False,13,13,13,13,13,13,1,retained geometry,,
CMU3DRMCBeakerHighCapacityMedicalSmallCloud,World/garrison_medical_small_cloud.yml,False,31,31,31,31,31,31,1,retained geometry,,
CMU3DRMCBeakerHighCapacityMedicalSmallCloudLidStudy,World/garrison_medical_small_cloud.yml,False,33,33,33,33,33,33,1,retained geometry,,
CMU3DRMCBedAlt,World/garrison_furniture.yml,False,12,12,12,12,12,12,1,retained geometry,,
CMU3DRMCBedBunkBlue,World/garrison_furniture.yml,False,30,30,30,30,30,30,1,retained geometry,,
CMU3DRMCBedBunkGreen,World/garrison_furniture.yml,False,30,30,30,30,30,30,1,retained geometry,,
CMU3DRMCBedBunkRed,World/garrison_furniture.yml,False,30,30,30,30,30,30,1,retained geometry,,
CMU3DRMCBedDingy,World/garrison_furniture.yml,False,13,13,13,13,13,13,1,retained geometry,,
CMU3DRMCBeltHolsterPistolTSEFilledL54WorldCloud,World/garrison_clothing_final_cloud.yml,False,33,33,33,33,33,33,1,retained geometry,,
CMU3DRMCBlackSensorComputer3InheritedMiscCloud,World/garrison_inherited_misc_cloud.yml,False,43,43,43,43,43,43,1,retained geometry,,
CMU3DRMCBootsVanBandolierWorldCloud,World/garrison_clothing_final_cloud.yml,False,54,54,54,54,54,54,1,retained geometry,,
CMU3DRMCBoxBodyBag,World/garrison_supplies.yml,False,6,6,6,6,6,6,1,retained geometry,,
CMU3DRMCBoxDonut,World/garrison_supplies.yml,False,16,16,16,16,16,16,1,retained geometry,,
CMU3DRMCBoxFlashlights,World/garrison_supplies.yml,False,7,7,7,7,7,7,1,retained geometry,,
CMU3DRMCBoxHandcuffs,World/garrison_supplies.yml,False,6,6,6,6,6,6,1,retained geometry,,
CMU3DRMCBoxLatexGloves,World/garrison_supplies.yml,False,6,6,6,6,6,6,1,retained geometry,,
CMU3DRMCBoxMRE,World/garrison_supplies.yml,False,7,7,7,7,7,7,1,retained geometry,,
CMU3DRMCBoxMagazinePistolM77APEmpty,World/garrison_supplies.yml,False,7,7,7,7,7,7,1,retained geometry,,
CMU3DRMCBoxPillCanister,World/garrison_supplies.yml,False,6,6,6,6,6,6,1,retained geometry,,
CMU3DRMCBoxShotgunBeanbag,World/garrison_supplies.yml,False,24,24,24,24,24,24,1,retained geometry,,
CMU3DRMCBoxShotgunBuckshot,World/garrison_supplies.yml,False,24,24,24,24,24,24,1,retained geometry,,
CMU3DRMCBoxShotgunSlugs,World/garrison_supplies.yml,False,24,24,24,24,24,24,1,retained geometry,,
CMU3DRMCBoxSterileMask,World/garrison_supplies.yml,False,6,6,6,6,6,6,1,retained geometry,,
CMU3DRMCBoxSyringe,World/garrison_supplies.yml,False,6,6,6,6,6,6,1,retained geometry,,
CMU3DRMCBushJungle1,World/garrison_jungle_bushes.yml,False,107,107,107,107,107,107,1,retained geometry,,
CMU3DRMCBushJungle2,World/garrison_jungle_bushes.yml,False,113,113,113,113,113,113,1,retained geometry,,
CMU3DRMCBushJungle3,World/garrison_jungle_bushes.yml,False,108,108,108,108,108,108,1,retained geometry,,
CMU3DRMCBusha1,World/garrison_low_bushes.yml,False,91,91,91,91,91,91,1,retained geometry,,
CMU3DRMCBusha2,World/garrison_low_bushes.yml,False,102,102,102,102,102,102,1,retained geometry,,
CMU3DRMCBusha3,World/garrison_low_bushes.yml,False,77,77,77,77,77,77,1,retained geometry,,
CMU3DRMCBushb1,World/garrison_low_bushes.yml,False,101,101,101,101,101,101,1,retained geometry,,
CMU3DRMCBushb2,World/garrison_low_bushes.yml,False,112,112,112,112,112,112,1,retained geometry,,
CMU3DRMCBushb3,World/garrison_low_bushes.yml,False,99,99,99,99,99,99,1,retained geometry,,
CMU3DRMCBushc1,World/garrison_low_bushes.yml,False,110,110,110,110,110,110,1,retained geometry,,
CMU3DRMCBushc2,World/garrison_low_bushes.yml,False,110,110,110,110,110,110,1,retained geometry,,
CMU3DRMCBushc3,World/garrison_low_bushes.yml,False,77,77,77,77,77,77,1,retained geometry,,
CMU3DRMCBushd1,World/garrison_stemmed_shrubs.yml,False,67,67,67,67,67,67,1,retained geometry,,
CMU3DRMCBushd2,World/garrison_stemmed_shrubs.yml,False,57,57,57,57,57,57,1,retained geometry,,
CMU3DRMCBushd3,World/garrison_stemmed_shrubs.yml,False,60,60,60,60,60,60,1,retained geometry,,
CMU3DRMCBushd4,World/garrison_stemmed_shrubs.yml,False,73,73,73,73,73,73,1,retained geometry,,
CMU3DRMCBushe1,World/garrison_stemmed_shrubs.yml,False,53,53,53,53,53,53,1,retained geometry,,
CMU3DRMCBushe2,World/garrison_stemmed_shrubs.yml,False,48,48,48,48,48,48,1,retained geometry,,
CMU3DRMCBushe3,World/garrison_stemmed_shrubs.yml,False,52,52,52,52,52,52,1,retained geometry,,
CMU3DRMCBushe4,World/garrison_stemmed_shrubs.yml,False,53,53,53,53,53,53,1,retained geometry,,
CMU3DRMCBushf2,World/garrison_foliage_sprigs.yml,False,126,126,126,126,126,126,1,retained geometry,,
CMU3DRMCBushf3,World/garrison_foliage_sprigs.yml,False,108,108,108,108,108,108,1,retained geometry,,
CMU3DRMCBushg2,World/garrison_foliage_sprigs.yml,False,63,63,63,63,63,63,1,retained geometry,,
CMU3DRMCBushg3NaturalFinalCloud,World/garrison_natural_final_cloud.yml,False,77,77,77,77,77,77,1,retained geometry,,
CMU3DRMCBushg4,World/garrison_foliage_sprigs.yml,False,53,53,53,53,53,53,1,retained geometry,,
CMU3DRMCBushh2,World/garrison_stemmed_shrubs.yml,False,65,65,65,65,65,65,1,retained geometry,,
CMU3DRMCBushh3,World/garrison_stemmed_shrubs.yml,False,75,75,75,75,75,75,1,retained geometry,,
CMU3DRMCBushi1,World/garrison_remaining_bushes.yml,False,108,108,108,108,108,108,1,retained geometry,,
CMU3DRMCBushi2,World/garrison_remaining_bushes.yml,False,108,108,108,108,108,108,1,retained geometry,,
CMU3DRMCBushi3,World/garrison_remaining_bushes.yml,False,102,102,102,102,102,102,1,retained geometry,,
CMU3DRMCBushi4,World/garrison_remaining_bushes.yml,False,102,102,102,102,102,102,1,retained geometry,,
CMU3DRMCBushk1,World/garrison_remaining_bushes.yml,False,84,84,84,84,84,84,1,retained geometry,,
CMU3DRMCBushk3,World/garrison_remaining_bushes.yml,False,82,82,82,82,82,82,1,retained geometry,,
CMU3DRMCBushl2,World/garrison_remaining_bushes.yml,False,107,107,107,107,107,107,1,retained geometry,,
CMU3DRMCBushm1,World/garrison_remaining_bushes.yml,False,118,118,118,118,118,118,1,retained geometry,,
CMU3DRMCBushm4,World/garrison_remaining_bushes.yml,False,118,118,118,118,118,118,1,retained geometry,,
CMU3DRMCCLFArmbandInsigniaExtraCloud,World/garrison_insignia_extra_cloud.yml,False,64,64,128,128,64,64,2,retained geometry,,
CMU3DRMCCarpetGreyBlue4InheritedMiscCloud,World/garrison_inherited_misc_cloud.yml,False,2,2,2,2,2,2,1,retained geometry,,
CMU3DRMCCigarCasePrintedSmallCloud,World/garrison_printed_small_cloud.yml,False,12,12,24,24,12,12,2,retained geometry,,
CMU3DRMCCigarCasePrintedSmallCloudOpenEmptyStudy,World/garrison_printed_small_cloud.yml,False,11,11,11,11,11,11,1,retained geometry,,
CMU3DRMCCigarCasePrintedSmallCloudOpenFullStudy,World/garrison_printed_small_cloud.yml,False,25,25,25,25,25,25,1,retained geometry,,
CMU3DRMCCigarettePackExecutiveSelectPrintedSmallCloud,World/garrison_printed_small_cloud.yml,False,9,9,18,18,9,9,2,retained geometry,,
CMU3DRMCCigarettePackExecutiveSelectPrintedSmallCloudOpenEmptyStudy,World/garrison_printed_small_cloud.yml,False,10,10,10,10,10,10,1,retained geometry,,
CMU3DRMCCigarettePackExecutiveSelectPrintedSmallCloudOpenFullStudy,World/garrison_printed_small_cloud.yml,False,50,50,50,50,50,50,1,retained geometry,,
CMU3DRMCCigarettePrintedSmallCloud,World/garrison_printed_small_cloud.yml,False,4,4,8,8,4,4,2,retained geometry,,
CMU3DRMCCoatBureauDeputyWorldCloud,World/garrison_clothing_final_cloud.yml,False,35,35,35,35,35,35,1,retained geometry,,
CMU3DRMCCoatSnowSurvivorWorldCloud,World/garrison_clothing_final_cloud.yml,False,50,47,50,47,50,47,1,simplified,page-10.png,2
CMU3DRMCCoffeeCupDrinksExtraCloud,World/garrison_drinks_extra_cloud.yml,False,26,26,26,26,26,26,1,retained geometry,,
CMU3DRMCCoffeeCupFilledDrinksExtraCloud,World/garrison_drinks_extra_cloud.yml,False,28,28,28,28,28,28,1,retained geometry,,
CMU3DRMCCoffeeCupFilledDrinksExtraCloudFill1Study,World/garrison_drinks_extra_cloud.yml,False,28,28,28,28,28,28,1,retained geometry,,
CMU3DRMCCoffeeCupFilledDrinksExtraCloudFill2Study,World/garrison_drinks_extra_cloud.yml,False,28,28,28,28,28,28,1,retained geometry,,
CMU3DRMCCondimentHotsauceCholulaExtraCloud,World/garrison_food_extra_cloud.yml,False,16,16,16,16,16,16,1,retained geometry,,
CMU3DRMCCondimentHotsauceTabascoExtraCloud,World/garrison_food_extra_cloud.yml,False,16,16,16,16,16,16,1,retained geometry,,
CMU3DRMCDrinkAlcoholSakeDrinksExtraCloud,World/garrison_drinks_extra_cloud.yml,False,55,55,110,110,55,55,2,retained geometry,,
CMU3DRMCDrinkAlcoholVodkaDrinksExtraCloud,World/garrison_drinks_extra_cloud.yml,False,55,55,110,110,55,55,2,retained geometry,,
CMU3DRMCDrinkAlcoholWhiskeyDrinksExtraCloud,World/garrison_drinks_extra_cloud.yml,False,55,55,110,110,55,55,2,retained geometry,,
CMU3DRMCDrinkGlass,World/garrison_solution_glasses.yml,False,35,35,90,90,35,35,7,retained geometry,,
CMU3DRMCDropperMedicalSmallCloud,World/garrison_medical_small_cloud.yml,False,17,17,17,17,17,17,1,retained geometry,,
CMU3DRMCDropshipAttachmentFultonCloud,World/garrison_fixture_final_cloud.yml,False,22,22,22,22,22,22,1,retained geometry,,
CMU3DRMCDropshipAttachmentMedevacCloud,World/garrison_fixture_final_cloud.yml,False,22,22,22,22,22,22,1,retained geometry,,
CMU3DRMCEntityDesertWaterDeep,World/garrison_water.yml,False,1,1,1,1,1,1,1,retained geometry,,
CMU3DRMCEntityDesertWaterShallow,World/garrison_water.yml,False,1,1,1,1,1,1,1,retained geometry,,
CMU3DRMCEntityDesertWaterShallowCorner,World/garrison_water.yml,False,1,1,1,1,1,1,1,retained geometry,,
CMU3DRMCEntityDesertWaterShallowCornerEdge,World/garrison_water.yml,False,1,1,1,1,1,1,1,retained geometry,,
CMU3DRMCEntityDesertWaterShallowEdge,World/garrison_water.yml,False,1,1,1,1,1,1,1,retained geometry,,
CMU3DRMCFoamedAluminiumMetal,World/garrison_foam_wall.yml,False,108,108,168,168,108,108,5,retained geometry,,
CMU3DRMCFoodGoldenAppleDrinksExtraCloud,World/garrison_drinks_extra_cloud.yml,False,9,9,18,18,9,9,2,retained geometry,,
CMU3DRMCFoodMeatFishSushiExtraCloud,World/garrison_food_extra_cloud.yml,False,18,18,18,18,18,18,1,retained geometry,,
CMU3DRMCFoodPizzaMargheritaFullExtraCloud,World/garrison_food_extra_cloud.yml,False,68,68,68,68,68,68,1,retained geometry,,
CMU3DRMCFoodPizzaMeatFullExtraCloud,World/garrison_food_extra_cloud.yml,False,77,77,77,77,77,77,1,retained geometry,,
CMU3DRMCFoodSnackCheeseburgerExtraCloud,World/garrison_food_extra_cloud.yml,False,19,19,19,19,19,19,1,retained geometry,,
CMU3DRMCFoodSnackCheeseburgerPackagedExtraCloud,World/garrison_food_extra_cloud.yml,False,26,26,26,26,26,26,1,retained geometry,,
CMU3DRMCFoodSnackHotdogPackagedExtraCloud,World/garrison_food_extra_cloud.yml,False,25,25,25,25,25,25,1,retained geometry,,
CMU3DRMCFork,World/garrison_cash_cutlery.yml,False,8,8,16,16,8,8,2,retained geometry,,
CMU3DRMCForkPlastic,World/garrison_cash_cutlery.yml,False,8,8,16,16,8,8,2,retained geometry,,
CMU3DRMCGlassesMedicalHUDGlassesOffWorldCloud,World/garrison_headwear_extra_cloud.yml,False,18,18,18,18,18,18,1,retained geometry,,
CMU3DRMCGlassesMedicalHUDGlassesWorldCloud,World/garrison_headwear_extra_cloud.yml,False,21,21,21,21,21,21,1,retained geometry,,
CMU3DRMCGlassesTriMaxYellowFakeWorldCloud,World/garrison_headwear_extra_cloud.yml,False,11,11,11,11,11,11,1,retained geometry,,
CMU3DRMCGrassa1,World/garrison_grass.yml,False,53,53,53,53,53,53,1,retained geometry,,
CMU3DRMCGrassa2,World/garrison_grass.yml,False,53,53,53,53,53,53,1,retained geometry,,
CMU3DRMCGrassa3,World/garrison_grass.yml,False,40,40,40,40,40,40,1,retained geometry,,
CMU3DRMCGrassa4,World/garrison_grass.yml,False,46,46,46,46,46,46,1,retained geometry,,
CMU3DRMCGrassa5,World/garrison_grass.yml,False,43,43,43,43,43,43,1,retained geometry,,
CMU3DRMCGrassb1,World/garrison_grass.yml,False,22,22,22,22,22,22,1,retained geometry,,
CMU3DRMCGrassb2,World/garrison_grass.yml,False,22,22,22,22,22,22,1,retained geometry,,
CMU3DRMCGrassb3,World/garrison_grass.yml,False,27,27,27,27,27,27,1,retained geometry,,
CMU3DRMCGrassb4,World/garrison_grass.yml,False,25,25,25,25,25,25,1,retained geometry,,
CMU3DRMCGrassb5,World/garrison_grass.yml,False,22,22,22,22,22,22,1,retained geometry,,
CMU3DRMCGrassc1,World/garrison_grass.yml,False,64,64,64,64,64,64,1,retained geometry,,
CMU3DRMCGrassc2,World/garrison_grass.yml,False,64,64,64,64,64,64,1,retained geometry,,
CMU3DRMCGrassc3,World/garrison_grass.yml,False,80,80,80,80,80,80,1,retained geometry,,
CMU3DRMCGrassc4,World/garrison_grass.yml,False,88,88,88,88,88,88,1,retained geometry,,
CMU3DRMCGrassd1,World/garrison_grass.yml,False,42,42,42,42,42,42,1,retained geometry,,
CMU3DRMCGrassd2,World/garrison_grass.yml,False,35,35,35,35,35,35,1,retained geometry,,
CMU3DRMCGrassd3,World/garrison_grass.yml,False,35,35,35,35,35,35,1,retained geometry,,
CMU3DRMCGrasse1,World/garrison_grass.yml,False,63,63,63,63,63,63,1,retained geometry,,
CMU3DRMCGrasse2,World/garrison_grass.yml,False,63,63,63,63,63,63,1,retained geometry,,
CMU3DRMCGrasse3,World/garrison_grass.yml,False,63,63,63,63,63,63,1,retained geometry,,
CMU3DRMCHeadBeretTSEWorldCloud,World/garrison_headwear_extra_cloud.yml,False,15,15,15,15,15,15,1,retained geometry,,
CMU3DRMCHeadCapFedoraBrownWorldCloud,World/garrison_headwear_extra_cloud.yml,False,53,53,53,53,53,53,1,retained geometry,,
CMU3DRMCHeadFedoraBrownWorldCloud,World/garrison_headwear_extra_cloud.yml,False,53,53,53,53,53,53,1,retained geometry,,
CMU3DRMCHeadUNMCHeadsetWorldCloud,World/garrison_headwear_extra_cloud.yml,False,13,13,13,13,13,13,1,retained geometry,,
CMU3DRMCHelmetGarbGunOilDrinksExtraCloud,World/garrison_drinks_extra_cloud.yml,False,10,10,20,20,10,10,2,retained geometry,,
CMU3DRMCHelmetGarbWireWorldCloud,World/garrison_bags_helmets_cloud.yml,False,45,45,45,45,45,45,1,retained geometry,,
CMU3DRMCJacketCorporateBlueWorldCloud,World/garrison_clothing_final_cloud.yml,False,33,33,33,33,33,33,1,retained geometry,,
CMU3DRMCJacketCorporateBrownWorldCloud,World/garrison_clothing_final_cloud.yml,False,33,33,33,33,33,33,1,retained geometry,,
CMU3DRMCJumpsuitBlueWorkwearWorldCloud,World/garrison_uniforms_extra_cloud.yml,False,53,52,53,52,53,52,1,simplified,page-10.png,3
CMU3DRMCJumpsuitKhakiWorkwearJacketlessWorldCloud,World/garrison_uniforms_extra_cloud.yml,False,53,52,53,52,53,52,1,simplified,page-10.png,4
CMU3DRMCJumpsuitLiaisonGreenWorkwearWorldCloud,World/garrison_uniforms_extra_cloud.yml,False,53,52,53,52,53,52,1,simplified,page-10.png,5
CMU3DRMCJumpsuitLiaisonGreyWorkwearWorldCloud,World/garrison_uniforms_extra_cloud.yml,False,53,52,53,52,53,52,1,simplified,page-10.png,6
CMU3DRMCJumpsuitSunRidersWorldCloud,World/garrison_uniforms_extra_cloud.yml,False,53,52,53,52,53,52,1,simplified,page-10.png,7
CMU3DRMCKitchenKnifeButcherInheritedMiscCloud,World/garrison_inherited_misc_cloud.yml,False,14,14,14,14,14,14,1,retained geometry,,
CMU3DRMCLabcoatCMOOpenedWorldCloud,World/garrison_clothing_final_cloud.yml,False,38,38,38,38,38,38,1,retained geometry,,
CMU3DRMCLadder,World/garrison_ladders.yml,False,27,27,54,54,27,27,2,retained geometry,,
CMU3DRMCMRESPPExtraCloud,World/garrison_food_extra_cloud.yml,False,12,12,42,42,18,18,3,retained geometry,,
CMU3DRMCMRETSEExtraCloud,World/garrison_food_extra_cloud.yml,False,14,14,46,46,18,18,3,retained geometry,,
CMU3DRMCMachinePropBig1,World/garrison_machinery_debris.yml,False,54,54,54,54,54,54,1,retained geometry,,
CMU3DRMCMachinePropBig10,World/garrison_machinery_debris.yml,False,36,36,36,36,36,36,1,retained geometry,,
CMU3DRMCMachinePropBig11,World/garrison_overhead_machinery.yml,False,14,14,98,98,14,14,7,retained geometry,,
CMU3DRMCMachinePropBig11East,World/garrison_overhead_machinery.yml,False,14,14,98,98,14,14,7,retained geometry,,
CMU3DRMCMachinePropBig11Flipped,World/garrison_overhead_machinery.yml,False,14,14,98,98,14,14,7,retained geometry,,
CMU3DRMCMachinePropBig11FlippedEast,World/garrison_overhead_machinery.yml,False,14,14,98,98,14,14,7,retained geometry,,
CMU3DRMCMachinePropBig11FlippedNorth,World/garrison_overhead_machinery.yml,False,14,14,98,98,14,14,7,retained geometry,,
CMU3DRMCMachinePropBig11FlippedWest,World/garrison_overhead_machinery.yml,False,14,14,98,98,14,14,7,retained geometry,,
CMU3DRMCMachinePropBig11North,World/garrison_overhead_machinery.yml,False,14,14,98,98,14,14,7,retained geometry,,
CMU3DRMCMachinePropBig11West,World/garrison_overhead_machinery.yml,False,14,14,98,98,14,14,7,retained geometry,,
CMU3DRMCMachinePropBig12,World/garrison_overhead_machinery.yml,False,14,14,98,98,14,14,7,retained geometry,,
CMU3DRMCMachinePropBig12East,World/garrison_overhead_machinery.yml,False,14,14,98,98,14,14,7,retained geometry,,
CMU3DRMCMachinePropBig12Flipped,World/garrison_overhead_machinery.yml,False,14,14,98,98,14,14,7,retained geometry,,
CMU3DRMCMachinePropBig12FlippedEast,World/garrison_overhead_machinery.yml,False,14,14,98,98,14,14,7,retained geometry,,
CMU3DRMCMachinePropBig12FlippedNorth,World/garrison_overhead_machinery.yml,False,14,14,98,98,14,14,7,retained geometry,,
CMU3DRMCMachinePropBig12FlippedWest,World/garrison_overhead_machinery.yml,False,14,14,98,98,14,14,7,retained geometry,,
CMU3DRMCMachinePropBig12North,World/garrison_overhead_machinery.yml,False,14,14,98,98,14,14,7,retained geometry,,
CMU3DRMCMachinePropBig12West,World/garrison_overhead_machinery.yml,False,14,14,98,98,14,14,7,retained geometry,,
CMU3DRMCMachinePropBig13,World/garrison_overhead_machinery.yml,False,17,17,119,119,17,17,7,retained geometry,,
CMU3DRMCMachinePropBig13East,World/garrison_overhead_machinery.yml,False,17,17,119,119,17,17,7,retained geometry,,
CMU3DRMCMachinePropBig13Flipped,World/garrison_overhead_machinery.yml,False,17,17,119,119,17,17,7,retained geometry,,
CMU3DRMCMachinePropBig13FlippedEast,World/garrison_overhead_machinery.yml,False,17,17,119,119,17,17,7,retained geometry,,
CMU3DRMCMachinePropBig13FlippedNorth,World/garrison_overhead_machinery.yml,False,17,17,119,119,17,17,7,retained geometry,,
CMU3DRMCMachinePropBig13FlippedWest,World/garrison_overhead_machinery.yml,False,17,17,119,119,17,17,7,retained geometry,,
CMU3DRMCMachinePropBig13North,World/garrison_overhead_machinery.yml,False,17,17,119,119,17,17,7,retained geometry,,
CMU3DRMCMachinePropBig13West,World/garrison_overhead_machinery.yml,False,17,17,119,119,17,17,7,retained geometry,,
CMU3DRMCMachinePropBig2,World/garrison_machinery_debris.yml,False,95,93,95,93,95,93,1,simplified,page-10.png,8
CMU3DRMCMachinePropBig3,World/garrison_wide_machinery.yml,False,12,12,72,72,12,12,6,retained geometry,,
CMU3DRMCMachinePropBig5,World/garrison_wide_machinery.yml,False,21,21,147,147,21,21,7,retained geometry,,
CMU3DRMCMachinePropBig6,World/garrison_wide_machinery.yml,False,12,12,120,120,12,12,10,retained geometry,,
CMU3DRMCMachinePropBig7,World/garrison_wide_machinery.yml,False,28,28,252,252,28,28,9,retained geometry,,
CMU3DRMCMachinePropBig8,World/garrison_machinery_debris.yml,False,56,56,56,56,56,56,1,retained geometry,,
CMU3DRMCMachinePropBig9,World/garrison_machinery_debris.yml,False,24,24,24,24,24,24,1,retained geometry,,
CMU3DRMCMagazineBootsN113PrintedSmallCloud,World/garrison_printed_small_cloud.yml,False,11,11,22,22,11,11,2,retained geometry,,
CMU3DRMCMarineUniformDressGeneralWorldCloud,World/garrison_uniforms_extra_cloud.yml,False,45,43,45,43,45,43,1,simplified,page-10.png,9
CMU3DRMCMedEMTArmbandInsigniaExtraCloud,World/garrison_insignia_extra_cloud.yml,False,64,64,128,128,64,64,2,retained geometry,,
CMU3DRMCMedalPlatinumInsigniaExtraCloud,World/garrison_insignia_extra_cloud.yml,False,14,11,126,99,14,11,9,simplified,page-10.png,10
CMU3DRMCOuterClothingExternalWebbingBlackWorldCloud,World/garrison_clothing_final_cloud.yml,False,18,18,18,18,18,18,1,retained geometry,,
CMU3DRMCOverheadLatticeHorizontal4CCloud,World/garrison_structural_vehicle_cloud.yml,False,24,24,24,24,24,24,1,retained geometry,,
CMU3DRMCOverheadLatticeHorizontal5CCloud,World/garrison_structural_vehicle_cloud.yml,False,24,24,24,24,24,24,1,retained geometry,,
CMU3DRMCPacketGrenadeBatonSlugHIRRFilled,World/garrison_supplies.yml,False,8,8,8,8,8,8,1,retained geometry,,
CMU3DRMCPatchFreelancerInsigniaExtraCloud,World/garrison_insignia_extra_cloud.yml,False,12,12,24,24,12,12,2,retained geometry,,
CMU3DRMCPatchMedicInsigniaExtraCloud,World/garrison_insignia_extra_cloud.yml,False,12,12,24,24,12,12,2,retained geometry,,
CMU3DRMCPlayingCardDeckPrintedSmallCloud,World/garrison_printed_small_cloud.yml,False,9,9,42,42,16,16,4,retained geometry,,
CMU3DRMCPouchToolsFillWorldCloud,World/garrison_clothing_final_cloud.yml,False,15,15,15,15,15,15,1,retained geometry,,
CMU3DRMCPropComputerLarge,World/garrison_large_computers.yml,False,15,15,15,15,15,15,1,retained geometry,,
CMU3DRMCPropComputerLarge0,World/garrison_large_computers.yml,False,15,15,15,15,15,15,1,retained geometry,,
CMU3DRMCPropComputerLargeDark,World/garrison_large_computers.yml,False,15,15,15,15,15,15,1,retained geometry,,
CMU3DRMCPropVehicleAmbulance,World/garrison_vans.yml,False,106,106,106,106,106,106,1,retained geometry,,
CMU3DRMCPropVehicleAmbulanceF,World/garrison_vans.yml,False,106,106,106,106,106,106,1,retained geometry,,
CMU3DRMCPropVehicleBoxVanBlueGrey,World/garrison_vans.yml,False,83,83,83,83,83,83,1,retained geometry,,
CMU3DRMCPropVehicleBoxVanMaintGrey,World/garrison_vans.yml,False,85,85,85,85,85,85,1,retained geometry,,
CMU3DRMCPropVehicleBoxVanMaintGreyF,World/garrison_vans.yml,False,85,85,85,85,85,85,1,retained geometry,,
CMU3DRMCPropVehicleBoxVanMaintWhiteF,World/garrison_vans.yml,False,85,85,85,85,85,85,1,retained geometry,,
CMU3DRMCPropVehicleBoxVanRed,World/garrison_vans.yml,False,83,83,83,83,83,83,1,retained geometry,,
CMU3DRMCPropVehicleBoxVanWhite,World/garrison_vans.yml,False,83,83,83,83,83,83,1,retained geometry,,
CMU3DRMCPropVehicleCargoCraneAltHitboxWest,World/garrison_cranes.yml,False,108,108,108,108,108,108,1,retained geometry,,
CMU3DRMCPropVehicleCargoCraneCargo,World/garrison_cranes.yml,False,116,116,116,116,116,116,1,retained geometry,,
CMU3DRMCPropVehicleLoaderTruckBlackFilled,World/garrison_loader_trucks.yml,False,98,98,98,98,98,98,1,retained geometry,,
CMU3DRMCPropVehicleLoaderTruckBlackVehicleFinalCloud,World/garrison_vehicle_final_cloud.yml,False,51,51,51,51,51,51,1,retained geometry,,
CMU3DRMCPropVehicleLoaderTruckBlueFilled,World/garrison_loader_trucks.yml,False,100,100,100,100,100,100,1,retained geometry,,
CMU3DRMCPropVehicleLoaderTruckWhiteF,World/garrison_loader_trucks.yml,False,94,94,94,94,94,94,1,retained geometry,,
CMU3DRMCPropVehicleLoaderTruckWhiteFilled,World/garrison_loader_trucks.yml,False,96,96,96,96,96,96,1,retained geometry,,
CMU3DRMCPropVehicleLongTruckBrown,World/garrison_long_trucks.yml,False,122,122,122,122,122,122,1,retained geometry,,
CMU3DRMCPropVehicleLongTruckDonk,World/garrison_long_trucks.yml,False,122,122,122,122,122,122,1,retained geometry,,
CMU3DRMCPropVehicleLongTruckMining,World/garrison_long_trucks.yml,False,122,122,122,122,122,122,1,retained geometry,,
CMU3DRMCPropVehicleMonoSupronBlack,World/garrison_compact_cars.yml,False,74,74,74,74,74,74,1,retained geometry,,
CMU3DRMCPropVehicleMonoSupronBlue,World/garrison_compact_cars.yml,False,74,74,74,74,74,74,1,retained geometry,,
CMU3DRMCPropVehicleMonoSupronBlueFlipped,World/garrison_compact_cars.yml,False,74,74,74,74,74,74,1,retained geometry,,
CMU3DRMCPropVehicleMonoSupronBrown,World/garrison_compact_cars.yml,False,74,74,74,74,74,74,1,retained geometry,,
CMU3DRMCPropVehicleMonoSupronBrownFlipped,World/garrison_compact_cars.yml,False,74,74,74,74,74,74,1,retained geometry,,
CMU3DRMCPropVehicleMonoSupronCop,World/garrison_compact_cars.yml,False,76,76,76,76,76,76,1,retained geometry,,
CMU3DRMCPropVehicleMonoSupronCopDestroyed,World/garrison_compact_cars.yml,False,81,79,81,79,81,79,1,simplified,page-11.png,1
CMU3DRMCPropVehicleMonoSupronCopFlipped,World/garrison_compact_cars.yml,False,76,76,76,76,76,76,1,retained geometry,,
CMU3DRMCPropVehicleMonoSupronDesatBlueFlipped,World/garrison_compact_cars.yml,False,74,74,74,74,74,74,1,retained geometry,,
CMU3DRMCPropVehicleMonoSupronGreen,World/garrison_compact_cars.yml,False,74,74,74,74,74,74,1,retained geometry,,
CMU3DRMCPropVehicleMonoSupronOrange,World/garrison_compact_cars.yml,False,74,74,74,74,74,74,1,retained geometry,,
CMU3DRMCPropVehicleMonoSupronPink,World/garrison_compact_cars.yml,False,74,74,74,74,74,74,1,retained geometry,,
CMU3DRMCPropVehicleMonoSupronPurpleDestroyed,World/garrison_compact_cars.yml,False,79,77,79,77,79,77,1,simplified,page-11.png,2
CMU3DRMCPropVehicleMonoSupronRedFlipped,World/garrison_compact_cars.yml,False,74,74,74,74,74,74,1,retained geometry,,
CMU3DRMCPropVehicleMonoSupronTaxi,World/garrison_compact_cars.yml,False,74,74,74,74,74,74,1,retained geometry,,
CMU3DRMCPropVehicleSmallTruckBrownCargo,World/garrison_small_trucks.yml,False,113,113,113,113,113,113,1,retained geometry,,
CMU3DRMCPropVehicleSmallTruckBrownCargoAlt,World/garrison_small_trucks.yml,False,125,125,125,125,125,125,1,retained geometry,,
CMU3DRMCPropVehicleSmallTruckGarbage,World/garrison_small_trucks.yml,False,114,114,114,114,114,114,1,retained geometry,,
CMU3DRMCPropVehicleSmallTruckGarbageF,World/garrison_small_trucks.yml,False,114,114,114,114,114,114,1,retained geometry,,
CMU3DRMCPropVehicleSmallTruckGreenF,World/garrison_small_trucks.yml,False,95,95,95,95,95,95,1,retained geometry,,
CMU3DRMCPropVehicleSmallTruckRedF,World/garrison_small_trucks.yml,False,95,95,95,95,95,95,1,retained geometry,,
CMU3DRMCRackParts,World/garrison_furniture.yml,False,13,13,13,13,13,13,1,retained geometry,,
CMU3DRMCRecharger,World/garrison_recharger.yml,False,64,64,140,140,64,64,10,retained geometry,,
CMU3DRMCRock06NaturalFinalCloud,World/garrison_natural_final_cloud.yml,False,27,27,27,27,27,27,1,retained geometry,,
CMU3DRMCRollerBedHospitalBlood,World/garrison_furniture.yml,False,28,28,28,28,28,28,1,retained geometry,,
CMU3DRMCRollerBedHospitalBloodFolded,World/garrison_fold_states.yml,False,29,29,29,29,29,29,1,retained geometry,,
CMU3DRMCRollerBedHospitalSheet,World/garrison_furniture.yml,False,25,25,25,25,25,25,1,retained geometry,,
CMU3DRMCRollerBedHospitalSheet2,World/garrison_furniture.yml,False,25,25,25,25,25,25,1,retained geometry,,
CMU3DRMCRollerBedHospitalSheet2Folded,World/garrison_fold_states.yml,False,29,29,29,29,29,29,1,retained geometry,,
CMU3DRMCRollerBedHospitalSheetFolded,World/garrison_fold_states.yml,False,29,29,29,29,29,29,1,retained geometry,,
CMU3DRMCSatchelDemoSpecWorldCloud,World/garrison_bags_helmets_cloud.yml,False,32,32,32,32,32,32,1,retained geometry,,
CMU3DRMCSecureCaseChest,World/garrison_secure_cases.yml,False,20,20,40,40,20,20,2,retained geometry,,
CMU3DRMCSecureCaseMini,World/garrison_secure_cases.yml,False,18,18,36,36,18,18,2,retained geometry,,
CMU3DRMCSheetPlastic,World/garrison_material_stacks.yml,False,12,12,42,42,12,12,5,retained geometry,,
CMU3DRMCShoesBlack,World/garrison_loose_workwear.yml,False,69,69,138,138,69,69,2,retained geometry,,
CMU3DRMCShoesBlue,World/garrison_loose_workwear.yml,False,69,69,138,138,69,69,2,retained geometry,,
CMU3DRMCShoesPrisoner,World/garrison_loose_workwear.yml,False,69,69,138,138,69,69,2,retained geometry,,
CMU3DRMCSpaceCash1,World/garrison_cash_cutlery.yml,False,2,2,70,70,36,36,9,retained geometry,,
CMU3DRMCSpaceCash10,World/garrison_cash_cutlery.yml,False,2,2,70,70,36,36,9,retained geometry,,
CMU3DRMCSpaceCash100,World/garrison_cash_cutlery.yml,False,2,2,70,70,36,36,9,retained geometry,,
CMU3DRMCSpaceCash1000,World/garrison_cash_cutlery.yml,False,36,36,104,104,36,36,9,retained geometry,,
CMU3DRMCSpaceCash20,World/garrison_cash_cutlery.yml,False,2,2,70,70,36,36,9,retained geometry,,
CMU3DRMCStasisBagUsedMedicalSmallCloud,World/garrison_medical_small_cloud.yml,False,52,51,104,102,52,51,2,simplified,page-11.png,3
CMU3DRMCStethoscopeMedicalSmallCloud,World/garrison_medical_small_cloud.yml,False,36,36,72,72,36,36,2,retained geometry,,
CMU3DRMCStump1NaturalFinalCloud,World/garrison_natural_final_cloud.yml,False,28,28,28,28,28,28,1,retained geometry,,
CMU3DRMCTableBrown,World/garrison_furniture.yml,False,19,19,19,19,19,19,1,retained geometry,,
CMU3DRMCTankReagentDermaline,World/garrison_reagent_tanks.yml,False,19,19,19,19,19,19,1,retained geometry,,
CMU3DRMCTankReagentEmpty,World/garrison_reagent_tanks.yml,False,19,19,19,19,19,19,1,retained geometry,,
CMU3DRMCTankReagentMeralyne,World/garrison_reagent_tanks.yml,False,19,19,19,19,19,19,1,retained geometry,,
CMU3DRMCTankReagentPhoron,World/garrison_reagent_tanks.yml,False,19,19,19,19,19,19,1,retained geometry,,
CMU3DRMCTankReagentSulphuricAcid,World/garrison_reagent_tanks.yml,False,19,19,19,19,19,19,1,retained geometry,,
CMU3DRMCVendorColaSPPInheritedMiscCloud,World/garrison_inherited_misc_cloud.yml,False,32,28,32,28,32,28,1,simplified,page-11.png,4
CMU3DRMCVendorNutriCoDrinkInheritedMiscCloud,World/garrison_inherited_misc_cloud.yml,False,58,54,58,54,58,54,1,simplified,page-11.png,5
CMU3DRMCVialBoxFullMedicalSmallCloud,World/garrison_medical_small_cloud.yml,False,32,32,32,32,32,32,1,retained geometry,,
CMU3DRMCVialBoxFullMedicalSmallCloudEmptyStudy,World/garrison_medical_small_cloud.yml,False,14,14,14,14,14,14,1,retained geometry,,
CMU3DRMCWeYaClipboardInheritedMiscCloud,World/garrison_inherited_misc_cloud.yml,False,12,10,12,10,12,10,1,simplified,page-11.png,6
CMU3DRMCWeYaClipboardInheritedMiscCloudBareStudy,World/garrison_inherited_misc_cloud.yml,False,8,8,8,8,8,8,1,retained geometry,,
CMU3DRMCWhiteMPSComputerInheritedMiscCloud,World/garrison_inherited_misc_cloud.yml,False,24,24,24,24,24,24,1,retained geometry,,
CMU3DRMCWhiteMappingComputerInheritedMiscCloud,World/garrison_inherited_misc_cloud.yml,False,37,37,37,37,37,37,1,retained geometry,,
CMU3DRMCWhiteSensorComputer2InheritedMiscCloud,World/garrison_inherited_misc_cloud.yml,False,21,21,21,21,21,21,1,retained geometry,,
CMU3DRMCWhiteSensorComputer3InheritedMiscCloud,World/garrison_inherited_misc_cloud.yml,False,43,43,43,43,43,43,1,retained geometry,,
CMU3DRadiationCloset,World/garrison_storage.yml,False,24,24,24,24,24,24,1,retained geometry,,
CMU3DRailroadBend,World/garrison_outdoors.yml,False,127,127,127,127,127,127,1,retained geometry,,
CMU3DRailroadBumper,World/garrison_outdoors.yml,False,30,30,30,30,30,30,1,retained geometry,,
CMU3DRailroadStraight,World/garrison_outdoors.yml,False,18,18,18,18,18,18,1,retained geometry,,
CMU3DReagentContainerFlourCloud,World/garrison_food_cloud.yml,False,22,22,67,67,23,23,3,retained geometry,,
CMU3DReagentContainerSugarCloud,World/garrison_food_cloud.yml,False,22,22,67,67,23,23,3,retained geometry,,
CMU3DReagentJugCappedStudyCloud,World/garrison_containers_cloud.yml,False,43,43,43,43,43,43,1,retained geometry,,
CMU3DReagentJugCloud,World/garrison_containers_cloud.yml,False,41,41,41,41,41,41,1,retained geometry,,
CMU3DReagentJugFill1StudyCloud,World/garrison_containers_cloud.yml,False,43,43,43,43,43,43,1,retained geometry,,
CMU3DReagentJugFill2StudyCloud,World/garrison_containers_cloud.yml,False,43,43,43,43,43,43,1,retained geometry,,
CMU3DReagentJugFill3StudyCloud,World/garrison_containers_cloud.yml,False,43,43,43,43,43,43,1,retained geometry,,
CMU3DReagentJugFill4StudyCloud,World/garrison_containers_cloud.yml,False,43,43,43,43,43,43,1,retained geometry,,
CMU3DReagentJugFill5StudyCloud,World/garrison_containers_cloud.yml,False,43,43,43,43,43,43,1,retained geometry,,
CMU3DRectangularWallMirror,World/garrison_architecture.yml,False,2,2,2,2,2,2,1,retained geometry,,
CMU3DRedBeaconPost,World/garrison_hardware.yml,False,14,14,14,14,14,14,1,retained geometry,,
CMU3DRedBlastDoor,World/garrison_door_states.yml,False,64,64,64,64,64,64,1,retained geometry,,
CMU3DRedBlastDoorOpen,World/garrison_door_states.yml,False,15,15,15,15,15,15,1,retained geometry,,
CMU3DRedChiliPepper,World/garrison_smallprops.yml,False,50,50,50,50,50,50,1,retained geometry,,
CMU3DRedComfyBench,World/garrison_storage.yml,False,16,16,16,16,16,16,1,retained geometry,,
CMU3DRedDoorButton,World/garrison_architecture.yml,False,56,31,1508,826,71,39,27,simplified,page-11.png,7
CMU3DRedGrapeBunch,World/garrison_smallprops.yml,False,26,26,26,26,26,26,1,retained geometry,,
CMU3DRedGroundBeacon,World/garrison_hardware.yml,False,13,13,13,13,13,13,1,retained geometry,,
CMU3DRedPedestalBarStool,World/garrison_storage.yml,False,20,20,20,20,20,20,1,retained geometry,,
CMU3DRedTomato,World/garrison_smallprops.yml,False,48,48,48,48,48,48,1,retained geometry,,
CMU3DReinforcedPlasteelBarricade,World/garrison_plasteel_barricade.yml,False,35,35,4535,4535,129,129,49,retained geometry,,
CMU3DReinforcedPrisonWall,World/garrison_models.yml,False,15,15,15,15,15,15,1,retained geometry,,
CMU3DReinforcedTable,World/garrison_interiors.yml,False,23,23,23,23,23,23,1,retained geometry,,
CMU3DRequisitionDesk,World/garrison_models.yml,False,29,29,29,29,29,29,1,retained geometry,,
CMU3DResearchTerminalEast,World/garrison_console_variants.yml,False,14,14,28,28,14,14,2,retained geometry,,
CMU3DResearchTerminalNorth,World/garrison_console_variants.yml,False,14,14,28,28,14,14,2,retained geometry,,
CMU3DResearchTerminalSouth,World/garrison_console_variants.yml,False,14,14,28,28,14,14,2,retained geometry,,
CMU3DResearchTerminalWest,World/garrison_console_variants.yml,False,14,14,28,28,14,14,2,retained geometry,,
CMU3DResinDoor,World/garrison_remaining_doors.yml,False,117,117,117,117,117,117,1,retained geometry,,
CMU3DResinDoorOpen,World/garrison_remaining_doors.yml,False,78,78,78,78,78,78,1,retained geometry,,
CMU3DRetractableRailing,World/garrison_architecture.yml,False,28,28,28,28,28,28,1,retained geometry,,
CMU3DRibbedPumpkin,World/garrison_smallprops.yml,False,19,19,19,19,19,19,1,retained geometry,,
CMU3DRiotArmorCloud,World/garrison_equipment_cloud.yml,False,26,26,52,52,26,26,2,retained geometry,,
CMU3DRiotHelmetCloud,World/garrison_equipment_cloud.yml,False,94,94,94,94,94,94,1,retained geometry,,
CMU3DRiotShield,World/garrison_shield_drinks.yml,False,10,10,20,20,10,10,2,retained geometry,,
CMU3DRollerBedUnfolded,World/garrison_fold_states.yml,False,37,37,37,37,37,37,1,retained geometry,,
CMU3DRotaryPhone,World/garrison_utilities.yml,False,15,15,15,15,15,15,1,retained geometry,,
CMU3DSMESBasicCloud,World/garrison_console_factory_cloud.yml,False,36,36,36,36,36,36,1,retained geometry,,
CMU3DSPPGreyWall,World/garrison_environment.yml,False,35,35,35,35,35,35,1,retained geometry,,
CMU3DSPPGreyWindow,World/garrison_spp_grey_windows.yml,False,60,60,60,60,60,60,1,retained geometry,,
CMU3DSPPGreyWindowFrame,World/garrison_spp_grey_windows.yml,False,48,48,48,48,48,48,1,retained geometry,,
CMU3DSandbagBarricade,World/garrison_environment.yml,False,20,20,20,20,20,20,1,retained geometry,,
CMU3DSectionAU14ContainerLightHyperdyneLeft,World/garrison_container_sections.yml,False,29,29,58,58,29,29,2,retained geometry,,
CMU3DSectionAU14ContainerLightHyperdyneMiddle,World/garrison_container_sections.yml,False,20,20,40,40,20,20,2,retained geometry,,
CMU3DSectionAU14ContainerLightHyperdyneRight,World/garrison_container_sections.yml,False,29,29,58,58,29,29,2,retained geometry,,
CMU3DSectionAU14ContainerMK6Left,World/garrison_container_sections.yml,False,29,29,58,58,29,29,2,retained geometry,,
CMU3DSectionAU14ContainerMK6Middle,World/garrison_container_sections.yml,False,20,20,40,40,20,20,2,retained geometry,,
CMU3DSectionAU14ContainerMK6Right,World/garrison_container_sections.yml,False,29,29,58,58,29,29,2,retained geometry,,
CMU3DSectionAU14ContainerTartarusLeftMedicalEmpty,World/garrison_container_sections.yml,False,14,14,28,28,14,14,2,retained geometry,,
CMU3DSectionAU14ContainerTartarusRightMedicalEmptyAlt,World/garrison_container_sections.yml,False,25,25,50,50,25,25,2,retained geometry,,
CMU3DSecureCase,World/garrison_interiors.yml,False,8,8,8,8,8,8,1,retained geometry,,
CMU3DSecureCaseAmmoMiniCloud,World/garrison_storage_cloud.yml,False,25,25,50,50,25,25,2,retained geometry,,
CMU3DSecureCaseDouble,World/garrison_interiors.yml,False,16,16,16,16,16,16,1,retained geometry,,
CMU3DSecureCaseSmall,World/garrison_interiors.yml,False,22,22,22,22,22,22,1,retained geometry,,
CMU3DSecureCrate,World/garrison_models.yml,False,11,11,11,11,11,11,1,retained geometry,,
CMU3DSecureSafe,World/garrison_utilities.yml,False,9,9,9,9,9,9,1,retained geometry,,
CMU3DSecureWindoor,World/garrison_remaining_doors.yml,False,37,37,37,37,37,37,1,retained geometry,,
CMU3DSecureWindoorOpen,World/garrison_remaining_doors.yml,False,17,17,17,17,17,17,1,retained geometry,,
CMU3DSecurityAirlock,World/garrison_utilities.yml,False,33,33,33,33,33,33,1,retained geometry,,
CMU3DSecurityAirlockOpen,World/garrison_door_states.yml,False,8,8,8,8,8,8,1,retained geometry,,
CMU3DSecurityCRTTerminal,World/garrison_consoles.yml,False,54,54,54,54,54,54,1,retained geometry,,
CMU3DSeedExtractorCloud,World/garrison_machinery_extra_cloud.yml,False,39,39,39,39,39,39,1,retained geometry,,
CMU3DSemioticAutodoc,World/garrison_semiotic_signs.yml,False,6,6,6,6,6,6,1,retained geometry,,
CMU3DSemioticAutoopenclose,World/garrison_semiotic_signs.yml,False,6,6,6,6,6,6,1,retained geometry,,
CMU3DSemioticCoffee,World/garrison_semiotic_signs.yml,False,6,6,6,6,6,6,1,retained geometry,,
CMU3DSemioticFirehaz,World/garrison_semiotic_signs.yml,False,6,6,6,6,6,6,1,retained geometry,,
CMU3DSemioticFive,World/garrison_semiotic_signs.yml,False,6,6,6,6,6,6,1,retained geometry,,
CMU3DSemioticFour,World/garrison_semiotic_signs.yml,False,6,6,6,6,6,6,1,retained geometry,,
CMU3DSemioticGalley,World/garrison_semiotic_signs.yml,False,6,6,6,6,6,6,1,retained geometry,,
CMU3DSemioticHighvoltage,World/garrison_semiotic_signs.yml,False,6,6,6,6,6,6,1,retained geometry,,
CMU3DSemioticIntercom,World/garrison_semiotic_signs.yml,False,6,6,6,6,6,6,1,retained geometry,,
CMU3DSemioticLadder,World/garrison_semiotic_signs.yml,False,6,6,6,6,6,6,1,retained geometry,,
CMU3DSemioticLifesupport,World/garrison_semiotic_signs.yml,False,6,6,6,6,6,6,1,retained geometry,,
CMU3DSemioticMedical,World/garrison_semiotic_signs.yml,False,6,6,6,6,6,6,1,retained geometry,,
CMU3DSemioticOne,World/garrison_semiotic_signs.yml,False,6,6,6,6,6,6,1,retained geometry,,
CMU3DSemioticOutpatient,World/garrison_semiotic_signs.yml,False,6,6,6,6,6,6,1,retained geometry,,
CMU3DSemioticRestrictedarea,World/garrison_semiotic_signs.yml,False,6,6,6,6,6,6,1,retained geometry,,
CMU3DSemioticSecurity,World/garrison_semiotic_signs.yml,False,6,6,6,6,6,6,1,retained geometry,,
CMU3DSemioticSeven,World/garrison_semiotic_signs.yml,False,6,6,6,6,6,6,1,retained geometry,,
CMU3DSemioticSix,World/garrison_semiotic_signs.yml,False,6,6,6,6,6,6,1,retained geometry,,
CMU3DSemioticThree,World/garrison_semiotic_signs.yml,False,6,6,6,6,6,6,1,retained geometry,,
CMU3DSemioticTwo,World/garrison_semiotic_signs.yml,False,6,6,6,6,6,6,1,retained geometry,,
CMU3DSensorComputer,World/garrison_models.yml,False,54,54,54,54,54,54,1,retained geometry,,
CMU3DSensorComputerCloud,World/garrison_console_factory_cloud.yml,False,22,22,22,22,22,22,1,retained geometry,,
CMU3DSensorComputerWide,World/garrison_utilities.yml,False,24,24,24,24,24,24,1,retained geometry,,
CMU3DSensorComputerWideCloud,World/garrison_console_factory_cloud.yml,False,23,23,23,23,23,23,1,retained geometry,,
CMU3DSensorTowerCloud,World/garrison_machinery_extra_cloud.yml,False,80,77,80,77,80,77,1,simplified,page-11.png,8
CMU3DSentryDeployerCloudEast,World/garrison_console_factory_cloud.yml,False,22,22,22,22,22,22,1,retained geometry,,
CMU3DSentryDeployerCloudNorth,World/garrison_console_factory_cloud.yml,False,22,22,22,22,22,22,1,retained geometry,,
CMU3DSentryDeployerCloudSouth,World/garrison_console_factory_cloud.yml,False,22,22,22,22,22,22,1,retained geometry,,
CMU3DSentryDeployerCloudWest,World/garrison_console_factory_cloud.yml,False,22,22,22,22,22,22,1,retained geometry,,
CMU3DSentryOmniPackedCloud,World/garrison_fixture_final_cloud.yml,False,19,19,19,19,19,19,1,retained geometry,,
CMU3DShowerCurtain,World/garrison_remaining_doors.yml,False,63,63,63,63,63,63,1,retained geometry,,
CMU3DShowerCurtainOpen,World/garrison_remaining_doors.yml,False,54,54,54,54,54,54,1,retained geometry,,
CMU3DShuttleOrangeWall,World/garrison_environment.yml,False,13,13,13,13,13,13,1,retained geometry,,
CMU3DSingleComDoor,World/garrison_architecture.yml,False,47,47,47,47,47,47,1,retained geometry,,
CMU3DSingleComDoorOpen,World/garrison_door_states.yml,False,32,32,32,32,32,32,1,retained geometry,,
CMU3DSingleCommandGovforDoor,World/garrison_architecture.yml,False,57,57,57,57,57,57,1,retained geometry,,
CMU3DSingleCommandGovforDoorGlass,World/garrison_architecture.yml,False,73,73,73,73,73,73,1,retained geometry,,
CMU3DSingleCommandGovforDoorGlassOpen,World/garrison_door_states.yml,False,32,32,32,32,32,32,1,retained geometry,,
CMU3DSingleCommandGovforDoorOpen,World/garrison_door_states.yml,False,32,32,32,32,32,32,1,retained geometry,,
CMU3DSingleEngiDoor,World/garrison_architecture.yml,False,55,55,55,55,55,55,1,retained geometry,,
CMU3DSingleEngiDoorGlass,World/garrison_architecture.yml,False,63,63,63,63,63,63,1,retained geometry,,
CMU3DSingleEngiDoorGlassOpen,World/garrison_door_states.yml,False,32,32,32,32,32,32,1,retained geometry,,
CMU3DSingleEngiDoorOpen,World/garrison_door_states.yml,False,32,32,32,32,32,32,1,retained geometry,,
CMU3DSingleEngineerGovforDoor,World/garrison_architecture.yml,False,57,57,57,57,57,57,1,retained geometry,,
CMU3DSingleEngineerGovforDoorGlass,World/garrison_architecture.yml,False,73,73,73,73,73,73,1,retained geometry,,
CMU3DSingleEngineerGovforDoorGlassOpen,World/garrison_door_states.yml,False,32,32,32,32,32,32,1,retained geometry,,
CMU3DSingleEngineerGovforDoorOpen,World/garrison_door_states.yml,False,32,32,32,32,32,32,1,retained geometry,,
CMU3DSingleGovforDoor,World/garrison_architecture.yml,False,55,55,55,55,55,55,1,retained geometry,,
CMU3DSingleGovforDoorGlass,World/garrison_architecture.yml,False,71,71,71,71,71,71,1,retained geometry,,
CMU3DSingleGovforDoorGlassOpen,World/garrison_door_states.yml,False,32,32,32,32,32,32,1,retained geometry,,
CMU3DSingleGovforDoorOpen,World/garrison_door_states.yml,False,32,32,32,32,32,32,1,retained geometry,,
CMU3DSingleMediDoor,World/garrison_architecture.yml,False,55,55,55,55,55,55,1,retained geometry,,
CMU3DSingleMediDoorGlass,World/garrison_architecture.yml,False,63,63,63,63,63,63,1,retained geometry,,
CMU3DSingleMediDoorGlassOpen,World/garrison_door_states.yml,False,32,32,32,32,32,32,1,retained geometry,,
CMU3DSingleMediDoorOpen,World/garrison_door_states.yml,False,32,32,32,32,32,32,1,retained geometry,,
CMU3DSingleMedicalGovforDoor,World/garrison_architecture.yml,False,57,57,57,57,57,57,1,retained geometry,,
CMU3DSingleMedicalGovforDoorGlass,World/garrison_architecture.yml,False,73,73,73,73,73,73,1,retained geometry,,
CMU3DSingleMedicalGovforDoorGlassOpen,World/garrison_door_states.yml,False,32,32,32,32,32,32,1,retained geometry,,
CMU3DSingleMedicalGovforDoorOpen,World/garrison_door_states.yml,False,32,32,32,32,32,32,1,retained geometry,,
CMU3DSinglePersonalDoor,World/garrison_architecture.yml,False,55,55,55,55,55,55,1,retained geometry,,
CMU3DSinglePersonalDoorOpen,World/garrison_door_states.yml,False,32,32,32,32,32,32,1,retained geometry,,
CMU3DSingleSecDoorGlass,World/garrison_architecture.yml,False,49,49,49,49,49,49,1,retained geometry,,
CMU3DSingleSecDoorGlassOpen,World/garrison_door_states.yml,False,8,8,8,8,8,8,1,retained geometry,,
CMU3DSingleSecurityGovforDoor,World/garrison_architecture.yml,False,31,31,31,31,31,31,1,retained geometry,,
CMU3DSingleSecurityGovforDoorGlass,World/garrison_architecture.yml,False,47,47,47,47,47,47,1,retained geometry,,
CMU3DSingleSecurityGovforDoorGlassOpen,World/garrison_door_states.yml,False,8,8,8,8,8,8,1,retained geometry,,
CMU3DSingleSecurityGovforDoorOpen,World/garrison_door_states.yml,False,8,8,8,8,8,8,1,retained geometry,,
CMU3DSink,World/garrison_models.yml,False,25,25,25,25,25,25,1,retained geometry,,
CMU3DSkyBlueCarpet,World/garrison_skyblue_carpet.yml,False,4,4,4,4,4,4,1,retained geometry,,
CMU3DSlattedWoodenBench,World/garrison_storage.yml,False,22,22,22,22,22,22,1,retained geometry,,
CMU3DSmallBlueWallLight,World/garrison_small_lights.yml,False,7,7,42,42,8,8,6,retained geometry,,
CMU3DSmallChestBlueCloud,World/garrison_room_props_cloud.yml,False,19,19,38,38,19,19,2,retained geometry,,
CMU3DSmallChestRedCloud,World/garrison_room_props_cloud.yml,False,19,19,38,38,19,19,2,retained geometry,,
CMU3DSmallChestYellowCloud,World/garrison_room_props_cloud.yml,False,19,19,38,38,19,19,2,retained geometry,,
CMU3DSmallEmptyWallLight,World/garrison_small_lights.yml,False,6,6,41,41,8,8,6,retained geometry,,
CMU3DSmallFloodlight,World/garrison_hardware.yml,False,40,39,40,39,40,39,1,simplified,page-11.png,9
CMU3DSmallRedWallLight,World/garrison_small_lights.yml,False,7,7,42,42,8,8,6,retained geometry,,
CMU3DSmallWallLight,World/garrison_environment.yml,False,7,7,42,42,8,8,6,retained geometry,,
CMU3DSmallWallVent,World/garrison_interiors.yml,False,7,7,7,7,7,7,1,retained geometry,,
CMU3DSmartMedicalFridge,World/garrison_hardware.yml,False,14,14,14,14,14,14,1,retained geometry,,
CMU3DSnackVendor,World/garrison_models.yml,False,27,27,27,27,27,27,1,retained geometry,,
CMU3DSoapBar,World/garrison_smallprops.yml,False,8,8,8,8,8,8,1,retained geometry,,
CMU3DSolarTracker,World/garrison_utilities.yml,False,20,20,20,20,20,20,1,retained geometry,,
CMU3DSolarisMineableRock,World/garrison_interiors.yml,False,53,53,53,53,53,53,1,retained geometry,,
CMU3DSoroPrisonTable,World/garrison_smallprop_supports.yml,False,15,15,15,15,15,15,1,retained geometry,,
CMU3DSoroStairs,World/garrison_architecture.yml,False,8,8,8,8,8,8,1,retained geometry,,
CMU3DSoroStorageRack,World/garrison_smallprop_supports.yml,False,14,14,14,14,14,14,1,retained geometry,,
CMU3DStalkyBush01,World/garrison_stemmed_shrubs.yml,False,79,79,79,79,79,79,1,retained geometry,,
CMU3DStandardCloset,World/garrison_storage.yml,False,19,19,19,19,19,19,1,retained geometry,,
CMU3DStandardHandrail,World/garrison_architecture.yml,False,9,9,9,9,9,9,1,retained geometry,,
CMU3DStandingASRSTerminal,World/garrison_consoles.yml,False,38,38,38,38,38,38,1,retained geometry,,
CMU3DStationAlertTerminalEast,World/garrison_console_variants.yml,False,14,14,70,70,14,14,5,retained geometry,,
CMU3DStationAlertTerminalNorth,World/garrison_console_variants.yml,False,14,14,70,70,14,14,5,retained geometry,,
CMU3DStationAlertTerminalSouth,World/garrison_console_variants.yml,False,14,14,70,70,14,14,5,retained geometry,,
CMU3DStationAlertTerminalWest,World/garrison_console_variants.yml,False,14,14,70,70,14,14,5,retained geometry,,
CMU3DStationMapCloud,World/garrison_fixtures_cloud.yml,False,24,24,24,24,24,24,1,retained geometry,,
CMU3DStatusDisplayCloud,World/garrison_fixtures_cloud.yml,False,23,23,23,23,23,23,1,retained geometry,,
CMU3DStatusDisplayLargeCloud,World/garrison_fixtures_cloud.yml,False,23,23,23,23,23,23,1,retained geometry,,
CMU3DStatusDisplayPropCloud,World/garrison_fixtures_cloud.yml,False,23,23,23,23,23,23,1,retained geometry,,
CMU3DSteelBench,World/garrison_interiors.yml,False,6,6,6,6,6,6,1,retained geometry,,
CMU3DSteelCrate,World/garrison_models.yml,False,9,9,9,9,9,9,1,retained geometry,,
CMU3DSteelHandcuffs,World/garrison_smallprops.yml,False,117,85,117,85,117,85,1,simplified,page-11.png,10
CMU3DSteelOreRock,World/garrison_environment.yml,False,38,38,38,38,38,38,1,retained geometry,,
CMU3DSteelTable,World/garrison_models.yml,False,14,14,14,14,14,14,1,retained geometry,,
CMU3DStool,World/garrison_models.yml,False,8,8,8,8,8,8,1,retained geometry,,
CMU3DStorageRack,World/garrison_models.yml,False,14,14,14,14,14,14,1,retained geometry,,
CMU3DStrappedCargoCase,World/garrison_interiors.yml,False,18,18,18,18,18,18,1,retained geometry,,
CMU3DStrataCatwalk,World/garrison_strata_grate.yml,False,43,43,43,43,43,43,1,retained geometry,,
CMU3DStrataHandrail,World/garrison_architecture.yml,False,6,6,6,6,6,6,1,retained geometry,,
CMU3DStrataWall,World/garrison_models.yml,False,17,17,17,17,17,17,1,retained geometry,,
CMU3DStrataWindow,World/garrison_architecture.yml,False,19,19,19,19,19,19,1,retained geometry,,
CMU3DStreetlight,World/garrison_environment.yml,False,12,12,12,12,12,12,1,retained geometry,,
CMU3DStructuralFrameShort,World/garrison_structural_frames.yml,False,30,30,30,30,30,30,1,retained geometry,,
CMU3DStructuralFrameTall,World/garrison_structural_frames.yml,False,30,30,30,30,30,30,1,retained geometry,,
CMU3DStunBatonCloud,World/garrison_tools_cloud.yml,False,22,22,150,150,50,50,5,retained geometry,,
CMU3DSurgicalTray,World/garrison_utilities.yml,False,6,6,6,6,6,6,1,retained geometry,,
CMU3DTacticalMapLargeGovforCloud,World/garrison_machinery_extra_cloud.yml,False,34,34,34,34,34,34,1,retained geometry,,
CMU3DTakeawayCoffee,World/garrison_interiors.yml,False,12,12,12,12,12,12,1,retained geometry,,
CMU3DTallFilingCabinet,World/garrison_utilities.yml,False,15,15,15,15,15,15,1,retained geometry,,
CMU3DTallFloodlight,World/garrison_hardware.yml,False,46,45,46,45,46,45,1,simplified,page-12.png,1
CMU3DTallJungleGrass,World/garrison_environment.yml,False,120,120,120,120,120,120,1,retained geometry,,
CMU3DTallJungleGrassCorner,World/garrison_outdoors.yml,False,70,70,70,70,70,70,1,retained geometry,,
CMU3DTallJungleGrassSide,World/garrison_outdoors.yml,False,120,120,120,120,120,120,1,retained geometry,,
CMU3DTanBenchLeft,World/garrison_storage.yml,False,29,29,29,29,29,29,1,retained geometry,,
CMU3DTanBenchRight,World/garrison_storage.yml,False,29,29,29,29,29,29,1,retained geometry,,
CMU3DTanDeskFanEast,World/garrison_vendor_fans.yml,False,65,65,130,130,65,65,2,retained geometry,,
CMU3DTanDeskFanNorth,World/garrison_vendor_fans.yml,False,65,65,130,130,65,65,2,retained geometry,,
CMU3DTanDeskFanSouth,World/garrison_vendor_fans.yml,False,65,65,130,130,65,65,2,retained geometry,,
CMU3DTanDeskFanWest,World/garrison_vendor_fans.yml,False,65,65,130,130,65,65,2,retained geometry,,
CMU3DTaserCloud,World/garrison_tools_cloud.yml,False,27,27,27,27,27,27,1,retained geometry,,
CMU3DTearGasPacketCloud,World/garrison_ammo_cloud.yml,False,15,15,15,15,15,15,1,retained geometry,,
CMU3DTearGasPacketCloudOpenStudy,World/garrison_ammo_cloud.yml,False,15,15,15,15,15,15,1,retained geometry,,
CMU3DTechTreeMappingConsole,World/garrison_consoles.yml,False,36,36,36,36,36,36,1,retained geometry,,
CMU3DTelecomBusCloud,World/garrison_console_factory_cloud.yml,False,28,28,28,28,28,28,1,retained geometry,,
CMU3DTelecomMappingConsole,World/garrison_console_variants.yml,False,13,13,39,39,13,13,3,retained geometry,,
CMU3DTelecomProcessorCloud,World/garrison_console_factory_cloud.yml,False,27,26,27,26,27,26,1,simplified,page-12.png,2
CMU3DTelecomReceiverCloud,World/garrison_console_factory_cloud.yml,False,23,22,23,22,23,22,1,simplified,page-12.png,3
CMU3DTelecomServerCloud,World/garrison_console_factory_cloud.yml,False,32,32,32,32,32,32,1,retained geometry,,
CMU3DTimberPallet,World/garrison_storage.yml,False,20,20,20,20,20,20,1,retained geometry,,
CMU3DTimberPalletStack,World/garrison_storage.yml,False,80,80,80,80,80,80,1,retained geometry,,
CMU3DToilet,World/garrison_models.yml,False,15,15,15,15,15,15,1,retained geometry,,
CMU3DTopologyCargoLoweredStudyCloud,World/garrison_topology_studies_cloud.yml,False,99,95,99,95,99,95,1,simplified,page-12.png,4
CMU3DTopologyCargoRaisedStudyCloud,World/garrison_topology_studies_cloud.yml,False,98,98,98,98,98,98,1,retained geometry,,
CMU3DTopologyChasmCornerQuarterStudyCloud,World/garrison_topology_studies_cloud.yml,False,28,28,28,28,28,28,1,retained geometry,,
CMU3DTopologyChasmIsolatedStudyCloud,World/garrison_topology_studies_cloud.yml,False,80,80,80,80,80,80,1,retained geometry,,
CMU3DTopologyChasmStraightQuarterStudyCloud,World/garrison_topology_studies_cloud.yml,False,24,24,24,24,24,24,1,retained geometry,,
CMU3DTopologyStairsFlightStudyCloud,World/garrison_topology_studies_cloud.yml,False,98,98,98,98,98,98,1,retained geometry,,
CMU3DTopologyStairsNoPreviewStudyCloud,World/garrison_topology_studies_cloud.yml,False,28,28,28,28,28,28,1,retained geometry,,
CMU3DTrafficDirector2D0Cloud,World/garrison_outdoor_cloud.yml,False,20,20,40,40,20,20,2,retained geometry,,
CMU3DTrafficDirector2D1Cloud,World/garrison_outdoor_cloud.yml,False,20,20,40,40,20,20,2,retained geometry,,
CMU3DTrafficDirector2D2Cloud,World/garrison_outdoor_cloud.yml,False,20,20,40,40,20,20,2,retained geometry,,
CMU3DTrafficDirector2D3Cloud,World/garrison_outdoor_cloud.yml,False,20,20,40,40,20,20,2,retained geometry,,
CMU3DTrafficDirector4D0Cloud,World/garrison_outdoor_cloud.yml,False,20,20,40,40,20,20,2,retained geometry,,
CMU3DTrafficDirector4D1Cloud,World/garrison_outdoor_cloud.yml,False,20,20,40,40,20,20,2,retained geometry,,
CMU3DTrafficDirector4D2Cloud,World/garrison_outdoor_cloud.yml,False,20,20,40,40,20,20,2,retained geometry,,
CMU3DTrafficDirector4D3Cloud,World/garrison_outdoor_cloud.yml,False,20,20,40,40,20,20,2,retained geometry,,
CMU3DTrafficDirector5D0Cloud,World/garrison_outdoor_cloud.yml,False,20,20,40,40,20,20,2,retained geometry,,
CMU3DTrafficDirector5D1Cloud,World/garrison_outdoor_cloud.yml,False,20,20,40,40,20,20,2,retained geometry,,
CMU3DTrafficDirector5D2Cloud,World/garrison_outdoor_cloud.yml,False,20,20,40,40,20,20,2,retained geometry,,
CMU3DTrafficDirector5D3Cloud,World/garrison_outdoor_cloud.yml,False,20,20,40,40,20,20,2,retained geometry,,
CMU3DTrafficSignal,World/garrison_hardware.yml,False,39,39,39,39,39,39,1,retained geometry,,
CMU3DTrashBinBlueCloud,World/garrison_room_props_cloud.yml,False,49,49,49,49,49,49,1,retained geometry,,
CMU3DTrashBinGreen,World/garrison_models.yml,False,12,12,12,12,12,12,1,retained geometry,,
CMU3DTreasureSampleTubeDrinksExtraCloudBlank,World/garrison_drinks_extra_cloud.yml,False,6,6,6,6,6,6,1,retained geometry,,
CMU3DTreasureSampleTubeDrinksExtraCloudEnergy,World/garrison_drinks_extra_cloud.yml,False,6,6,6,6,6,6,1,retained geometry,,
CMU3DTreasureSampleTubeDrinksExtraCloudPower,World/garrison_drinks_extra_cloud.yml,False,6,6,6,6,6,6,1,retained geometry,,
CMU3DTreasureSampleTubeDrinksExtraCloudReinforcer,World/garrison_drinks_extra_cloud.yml,False,6,6,6,6,6,6,1,retained geometry,,
CMU3DTreasureSampleTubeDrinksExtraCloudStabilizer,World/garrison_drinks_extra_cloud.yml,False,6,6,6,6,6,6,1,retained geometry,,
CMU3DTreasureSampleTubeDrinksExtraCloudSynchronizer,World/garrison_drinks_extra_cloud.yml,False,6,6,6,6,6,6,1,retained geometry,,
CMU3DTripodLamp,World/garrison_utilities.yml,False,13,12,13,12,13,12,1,simplified,page-12.png,5
CMU3DTurnstileHandrail,World/garrison_architecture.yml,False,12,12,12,12,12,12,1,retained geometry,,
CMU3DTwinCherries,World/garrison_smallprops.yml,False,29,29,29,29,29,29,1,retained geometry,,
CMU3DTwoWayLeverCloud,World/garrison_machinery_extra_cloud.yml,False,10,10,10,10,10,10,1,retained geometry,,
CMU3DUltraBlastDoor,World/garrison_door_states.yml,False,103,103,103,103,103,103,1,retained geometry,,
CMU3DUltraBlastDoorOpen,World/garrison_door_states.yml,False,5,5,5,5,5,5,1,retained geometry,,
CMU3DUltraDirectionalWindow,World/garrison_colony_ultra_windows.yml,False,17,17,17,17,17,17,1,retained geometry,,
CMU3DUpstreamPottedPlant0,World/garrison_remaining_plants.yml,False,51,51,51,51,51,51,1,retained geometry,,
CMU3DUpstreamPottedPlant26,World/garrison_remaining_plants.yml,False,27,27,27,27,27,27,1,retained geometry,,
CMU3DUtilityAU14GunCasePistolHG45Cloud,World/garrison_utility_storage_extra_cloud.yml,False,20,20,62,62,22,22,3,retained geometry,,
CMU3DUtilityAU14KitWeaponMP5Cloud,World/garrison_utility_storage_extra_cloud.yml,False,18,18,53,53,18,18,3,retained geometry,,
CMU3DUtilityBoxFolderClipboardCloud,World/garrison_utility_storage_extra_cloud.yml,False,5,5,5,5,5,5,1,retained geometry,,
CMU3DUtilityBoxFolderClipboardCloudPaperStudy,World/garrison_utility_storage_extra_cloud.yml,False,7,7,7,7,7,7,1,retained geometry,,
CMU3DUtilityCMJanitorialCartCloud,World/garrison_utility_storage_extra_cloud.yml,False,43,43,43,43,43,43,1,retained geometry,,
CMU3DUtilityCMMultitoolCloud,World/garrison_utility_storage_extra_cloud.yml,False,16,16,32,32,16,16,2,retained geometry,,
CMU3DUtilityCMSurgicalCaseFilledCloud,World/garrison_utility_storage_extra_cloud.yml,False,14,14,14,14,14,14,1,retained geometry,,
CMU3DUtilityCMSurgicalCaseFilledCloudOpenStudy,World/garrison_utility_storage_extra_cloud.yml,False,16,16,16,16,16,16,1,retained geometry,,
CMU3DUtilityCMWetSignCloud,World/garrison_utility_storage_extra_cloud.yml,False,12,12,24,24,12,12,2,retained geometry,,
CMU3DUtilityCrateTrashCartFilledCloud,World/garrison_utility_storage_extra_cloud.yml,False,42,42,42,42,42,42,1,retained geometry,,
CMU3DUtilityCrateTrashCartFilledCloudOpenStudy,World/garrison_utility_storage_extra_cloud.yml,False,37,37,37,37,37,37,1,retained geometry,,
CMU3DUtilityRMCBeerCoolerFilledCloud,World/garrison_utility_storage_extra_cloud.yml,False,14,14,14,14,14,14,1,retained geometry,,
CMU3DUtilityRMCBeerCoolerFilledCloudOpenStudy,World/garrison_utility_storage_extra_cloud.yml,False,16,16,16,16,16,16,1,retained geometry,,
CMU3DUtilityRMCBinocularsCivCloud,World/garrison_utility_storage_extra_cloud.yml,False,20,20,40,40,20,20,2,retained geometry,,
CMU3DUtilityRMCBoxVialCardboardCloud,World/garrison_utility_storage_extra_cloud.yml,False,10,10,20,20,10,10,2,retained geometry,,
CMU3DUtilityRMCCameraBroadcastingCloud,World/garrison_utility_storage_extra_cloud.yml,False,17,17,51,51,17,17,3,retained geometry,,
CMU3DUtilityRMCCorrespondentMicrophoneCloud,World/garrison_utility_storage_extra_cloud.yml,False,15,15,30,30,15,15,2,retained geometry,,
CMU3DUtilityRMCFlashlightPenCloud,World/garrison_utility_storage_extra_cloud.yml,False,8,8,8,8,8,8,1,retained geometry,,
CMU3DUtilityRMCGeigerCounterCloud,World/garrison_utility_storage_extra_cloud.yml,False,33,33,33,33,33,33,1,retained geometry,,
CMU3DUtilityRMCGunCasePistolM44CustomCloud,World/garrison_utility_storage_extra_cloud.yml,False,16,16,16,16,16,16,1,retained geometry,,
CMU3DUtilityRMCToolboxElectricalCloud,World/garrison_utility_storage_extra_cloud.yml,False,18,18,57,57,21,21,3,retained geometry,,
CMU3DUtilityRMCToolboxMechanicalCloud,World/garrison_utility_storage_extra_cloud.yml,False,18,18,57,57,21,21,3,retained geometry,,
CMU3DUtilityRMCToolboxSyndicateFilledCloud,World/garrison_utility_storage_extra_cloud.yml,False,18,18,57,57,21,21,3,retained geometry,,
CMU3DVanWheelCloud,World/garrison_structural_vehicle_cloud.yml,False,24,24,24,24,24,24,1,retained geometry,,
CMU3DVehicleCMBPoliceVanVehicleFinalCloud,World/garrison_vehicle_final_cloud.yml,False,69,69,69,69,69,69,1,retained geometry,,
CMU3DVehicleInteriorWallPhoneInheritedMiscCloud,World/garrison_inherited_misc_cloud.yml,False,21,21,21,21,21,21,1,retained geometry,,
CMU3DVehiclePizzaVanVehicleFinalCloud,World/garrison_vehicle_final_cloud.yml,False,67,67,67,67,67,67,1,retained geometry,,
CMU3DVehicleSupplyConsoleCloud,World/garrison_machinery_extra_cloud.yml,False,23,23,23,23,23,23,1,retained geometry,,
CMU3DVendorAssortedCloud,World/garrison_vendor_cloud.yml,False,71,71,71,71,71,71,1,retained geometry,,
CMU3DVendorBloodFieldCloud,World/garrison_vending_extra_cloud.yml,False,51,51,51,51,51,51,1,retained geometry,,
CMU3DVendorBoozeCloud,World/garrison_vending_extra_cloud.yml,False,49,49,49,49,49,49,1,retained geometry,,
CMU3DVendorCassettesCloud,World/garrison_vendor_cloud.yml,False,51,51,51,51,51,51,1,retained geometry,,
CMU3DVendorChemistryCloud,World/garrison_service_cloud.yml,False,55,55,55,55,55,55,1,retained geometry,,
CMU3DVendorComponentCloud,World/garrison_vending_extra_cloud.yml,False,29,29,29,29,29,29,1,retained geometry,,
CMU3DVendorCondimentsCloud,World/garrison_vending_extra_cloud.yml,False,49,49,49,49,49,49,1,retained geometry,,
CMU3DVendorDinnerwareCloud,World/garrison_vending_extra_cloud.yml,False,37,37,37,37,37,37,1,retained geometry,,
CMU3DVendorElectronicsCloud,World/garrison_vending_extra_cloud.yml,False,36,36,36,36,36,36,1,retained geometry,,
CMU3DVendorIngredientsCloud,World/garrison_vendor_cloud.yml,False,47,47,47,47,47,47,1,retained geometry,,
CMU3DVendorM34EmptyRackCloud,World/garrison_vending_extra_cloud.yml,False,24,24,24,24,24,24,1,retained geometry,,
CMU3DVendorMedicalGearCloud,World/garrison_vending_extra_cloud.yml,False,50,50,50,50,50,50,1,retained geometry,,
CMU3DVendorNutriCoCloud,World/garrison_vendor_cloud.yml,False,77,77,77,77,77,77,1,retained geometry,,
CMU3DVendorNutrientsCloud,World/garrison_service_cloud.yml,False,58,58,58,58,58,58,1,retained geometry,,
CMU3DVendorSecurityCloud,World/garrison_vending_extra_cloud.yml,False,39,39,39,39,39,39,1,retained geometry,,
CMU3DVendorSeedsCloud,World/garrison_service_cloud.yml,False,72,72,72,72,72,72,1,retained geometry,,
CMU3DVendorSovietCloud,World/garrison_vending_extra_cloud.yml,False,36,36,36,36,36,36,1,retained geometry,,
CMU3DVendorToolsCloud,World/garrison_service_cloud.yml,False,45,45,45,45,45,45,1,retained geometry,,
CMU3DVendorWYGuardCloud,World/garrison_vending_extra_cloud.yml,False,38,38,38,38,38,38,1,retained geometry,,
CMU3DWallAPC,World/garrison_utilities.yml,False,23,23,23,23,23,23,1,retained geometry,,
CMU3DWallATM,World/garrison_hardware.yml,False,22,22,22,22,22,22,1,retained geometry,,
CMU3DWallBlueDoubleLight,World/garrison_environment.yml,False,15,15,98,98,27,27,6,retained geometry,,
CMU3DWallCapacitorRechargerCloud,World/garrison_machinery_extra_cloud.yml,False,15,15,15,15,15,15,1,retained geometry,,
CMU3DWallDoubleTubeLight,World/garrison_tube_lights.yml,False,15,15,98,98,27,27,6,retained geometry,,
CMU3DWallIntercom,World/garrison_hardware.yml,False,16,16,16,16,16,16,1,retained geometry,,
CMU3DWallPhone,World/garrison_utilities.yml,False,20,20,20,20,20,20,1,retained geometry,,
CMU3DWallPosterCMPostEat,World/garrison_wall_posters.yml,False,2,2,2,2,2,2,1,retained geometry,,
CMU3DWallPosterCMPosterBepis,World/garrison_wall_posters.yml,False,2,2,2,2,2,2,1,retained geometry,,
CMU3DWallPosterCMPosterBeth,World/garrison_wall_posters.yml,False,2,2,2,2,2,2,1,retained geometry,,
CMU3DWallPosterCMPosterBobda,World/garrison_wall_posters.yml,False,2,2,2,2,2,2,1,retained geometry,,
CMU3DWallPosterCMPosterDavenportGin,World/garrison_wall_posters.yml,False,2,2,2,2,2,2,1,retained geometry,,
CMU3DWallPosterCMPosterMissFebruary,World/garrison_wall_posters.yml,False,2,2,2,2,2,2,1,retained geometry,,
CMU3DWallPosterCMPosterRememberIo,World/garrison_wall_posters.yml,False,2,2,2,2,2,2,1,retained geometry,,
CMU3DWallPosterCMPosterSafetyClean,World/garrison_wall_posters.yml,False,2,2,2,2,2,2,1,retained geometry,,
CMU3DWallPosterPosterContrabandEAT,World/garrison_wall_posters.yml,False,2,2,2,2,2,2,1,retained geometry,,
CMU3DWallPosterPosterContrabandHighEffectEngineering,World/garrison_wall_posters.yml,False,2,2,2,2,2,2,1,retained geometry,,
CMU3DWallPosterPosterLegitCleanliness,World/garrison_wall_posters.yml,False,2,2,2,2,2,2,1,retained geometry,,
CMU3DWallPosterPosterLegitCohibaRobustoAd,World/garrison_wall_posters.yml,False,2,2,2,2,2,2,1,retained geometry,,
CMU3DWallPosterPosterLegitSafetyEyeProtection,World/garrison_wall_posters.yml,False,2,2,2,2,2,2,1,retained geometry,,
CMU3DWallPosterPosterLegitSafetyInternals,World/garrison_wall_posters.yml,False,2,2,2,2,2,2,1,retained geometry,,
CMU3DWallPosterPosterLegitSafetyReport,World/garrison_wall_posters.yml,False,2,2,2,2,2,2,1,retained geometry,,
CMU3DWallShower,World/garrison_hardware.yml,False,22,22,22,22,22,22,1,retained geometry,,
CMU3DWallTelevision,World/garrison_utilities.yml,False,14,14,14,14,14,14,1,retained geometry,,
CMU3DWallTubeLight,World/garrison_environment.yml,False,10,10,64,64,16,16,6,retained geometry,,
CMU3DWallVentDuct,World/garrison_hardware.yml,False,29,29,29,29,29,29,1,retained geometry,,
CMU3DWallVentMesh,World/garrison_hardware.yml,False,16,16,16,16,16,16,1,retained geometry,,
CMU3DWarningCone,World/garrison_interiors.yml,False,23,23,23,23,23,23,1,retained geometry,,
CMU3DWashingMachine,World/garrison_models.yml,False,18,18,18,18,18,18,1,retained geometry,,
CMU3DWaterCoolerStacksCloud,World/garrison_machinery_extra_cloud.yml,False,36,36,36,36,36,36,1,retained geometry,,
CMU3DWaterTank,World/garrison_reagent_tanks.yml,False,19,19,19,19,19,19,1,retained geometry,,
CMU3DWeYaOverwatchTerminalEast,World/garrison_console_variants.yml,False,14,14,126,126,14,14,9,retained geometry,,
CMU3DWeYaOverwatchTerminalNorth,World/garrison_console_variants.yml,False,14,14,126,126,14,14,9,retained geometry,,
CMU3DWeYaOverwatchTerminalSouth,World/garrison_console_variants.yml,False,14,14,126,126,14,14,9,retained geometry,,
CMU3DWeYaOverwatchTerminalWest,World/garrison_console_variants.yml,False,14,14,126,126,14,14,9,retained geometry,,
CMU3DWeyaWaterBottle,World/garrison_smallprops.yml,False,20,20,20,20,20,20,1,retained geometry,,
CMU3DWeymartShelf1,World/garrison_storage.yml,False,64,64,64,64,64,64,1,retained geometry,,
CMU3DWeymartShelf2,World/garrison_storage.yml,False,64,64,64,64,64,64,1,retained geometry,,
CMU3DWeymartShelf3,World/garrison_storage.yml,False,61,61,61,61,61,61,1,retained geometry,,
CMU3DWeymartShelf4,World/garrison_storage.yml,False,61,61,61,61,61,61,1,retained geometry,,
CMU3DWeymartShelf5,World/garrison_storage.yml,False,49,49,49,49,49,49,1,retained geometry,,
CMU3DWeymartShelf6,World/garrison_storage.yml,False,49,49,49,49,49,49,1,retained geometry,,
CMU3DWeymartShelf7,World/garrison_storage.yml,False,53,53,53,53,53,53,1,retained geometry,,
CMU3DWeyuDumpster,World/garrison_storage.yml,False,69,66,69,66,69,66,1,simplified,page-12.png,6
CMU3DWhiteAlmayerPodDoorCloud,World/garrison_fixtures_cloud.yml,False,72,72,72,72,72,72,1,retained geometry,,
CMU3DWhiteAlmayerPodDoorOpenCloud,World/garrison_fixtures_cloud.yml,False,7,7,7,7,7,7,1,retained geometry,,
CMU3DWhiteTowelCloud,World/garrison_tools_cloud.yml,False,16,16,16,16,16,16,1,retained geometry,,
CMU3DWideAnalyzerMachine,World/garrison_consoles.yml,False,40,40,40,40,40,40,1,retained geometry,,
CMU3DWideChemicalStorage,World/garrison_consoles.yml,False,48,48,48,48,48,48,1,retained geometry,,
CMU3DWideWashbasin,World/garrison_hardware.yml,False,26,26,26,26,26,26,1,retained geometry,,
CMU3DWindoor,World/garrison_interiors.yml,False,8,8,8,8,8,8,1,retained geometry,,
CMU3DWireRail,World/garrison_environment.yml,False,11,11,11,11,11,11,1,retained geometry,,
CMU3DWoodChair,World/garrison_models.yml,False,16,16,16,16,16,16,1,retained geometry,,
CMU3DWoodCouchEnd,World/garrison_interiors.yml,False,20,20,20,20,20,20,1,retained geometry,,
CMU3DWoodCouchMiddle,World/garrison_interiors.yml,False,17,17,17,17,17,17,1,retained geometry,,
CMU3DWoodCrate,World/garrison_models.yml,False,12,12,12,12,12,12,1,retained geometry,,
CMU3DWoodenCoatStand,World/garrison_storage.yml,False,36,34,36,34,36,34,1,simplified,page-12.png,7
CMU3DWorldAU14WeaponRevolverM2019Cloud,World/garrison_weapon_world_cloud.yml,False,21,21,21,21,21,21,1,retained geometry,,
CMU3DWorldAU14WeaponRifleAR10Cloud,World/garrison_weapon_world_cloud.yml,False,34,34,34,34,34,34,1,retained geometry,,
CMU3DWorldAU14WeaponRifleM16A1Cloud,World/garrison_weapon_world_cloud.yml,False,34,34,34,34,34,34,1,retained geometry,,
CMU3DWorldRMCWeaponBoltActionRifleCloud,World/garrison_weapon_world_cloud.yml,False,27,27,27,27,27,27,1,retained geometry,,
CMU3DWorldRMCWeaponLMGM60Cloud,World/garrison_weapon_world_cloud.yml,False,44,44,44,44,44,44,1,retained geometry,,
CMU3DWorldRMCWeaponLauncherDisposableCloud,World/garrison_weapon_world_cloud.yml,False,21,21,21,21,21,21,1,retained geometry,,
CMU3DWorldRMCWeaponLauncherM81Cloud,World/garrison_weapon_world_cloud.yml,False,17,17,17,17,17,17,1,retained geometry,,
CMU3DWorldRMCWeaponPistolB92FSCloud,World/garrison_weapon_world_cloud.yml,False,20,20,20,20,20,20,1,retained geometry,,
CMU3DWorldRMCWeaponRevolver38MagnumCloud,World/garrison_weapon_world_cloud.yml,False,18,18,18,18,18,18,1,retained geometry,,
CMU3DWorldRMCWeaponRifleABR40TacticalCloud,World/garrison_weapon_world_cloud.yml,False,20,20,20,20,20,20,1,retained geometry,,
CMU3DWorldRMCWeaponRifleM54CMK1Cloud,World/garrison_weapon_world_cloud.yml,False,34,34,34,34,34,34,1,retained geometry,,
CMU3DWorldRMCWeaponSMGMP5AltCloud,World/garrison_weapon_world_cloud.yml,False,32,32,32,32,32,32,1,retained geometry,,
CMU3DWorldWeaponRifleM5SPRCloud,World/garrison_weapon_world_cloud.yml,False,32,32,32,32,32,32,1,retained geometry,,
CMU3DWorldWeaponSMGMP5Cloud,World/garrison_weapon_world_cloud.yml,False,34,34,34,34,34,34,1,retained geometry,,
CMU3DWornAU14AU14MolleBackpackCOFullBack,Equipment/garrison_worn_equipment.yml,True,127,127,127,127,127,127,1,retained equipment draft,,
CMU3DWornAU14ArmorArmyUPPOuterClothing,Equipment/garrison_worn_equipment.yml,True,202,202,202,202,202,202,1,retained equipment draft,,
CMU3DWornAU14ArmorBallisticVestOuterClothing,Equipment/garrison_worn_equipment.yml,True,145,145,145,145,145,145,1,retained equipment draft,,
CMU3DWornAU14ArmorCBRNOuterClothing,Equipment/garrison_worn_equipment.yml,True,215,215,215,215,215,215,1,retained equipment draft,,
CMU3DWornAU14ArmorHelmetArmyUPPHead,Equipment/garrison_worn_equipment.yml,True,187,187,187,187,187,187,1,retained equipment draft,,
CMU3DWornAU14ArmorHelmetCovertHead,Equipment/garrison_worn_equipment.yml,True,226,226,226,226,226,226,1,retained equipment draft,,
CMU3DWornAU14ArmorHelmetPMCTacticalEngiHead,Equipment/garrison_worn_equipment.yml,True,260,260,260,260,260,260,1,retained equipment draft,,
CMU3DWornAU14ArmorHelmetPMCTacticalHead,Equipment/garrison_worn_equipment.yml,True,255,255,255,255,255,255,1,retained equipment draft,,
CMU3DWornAU14ArmorM3DesertOneOuterClothing,Equipment/garrison_worn_equipment.yml,True,276,276,276,276,276,276,1,retained equipment draft,,
CMU3DWornAU14ArmorM3JungleOneOuterClothing,Equipment/garrison_worn_equipment.yml,True,276,276,276,276,276,276,1,retained equipment draft,,
CMU3DWornAU14ArmorM3JungleThreeOuterClothing,Equipment/garrison_worn_equipment.yml,True,275,275,275,275,275,275,1,retained equipment draft,,
CMU3DWornAU14ArmorM3JungleTwoOuterClothing,Equipment/garrison_worn_equipment.yml,True,299,299,299,299,299,299,1,retained equipment draft,,
CMU3DWornAU14ArmorM3UNISCOuterClothing,Equipment/garrison_worn_equipment.yml,True,283,283,283,283,283,283,1,retained equipment draft,,
CMU3DWornAU14ArmorPointmanRMCOuterClothing,Equipment/garrison_worn_equipment.yml,True,453,453,453,453,453,453,1,retained equipment draft,,
CMU3DWornAU14ArmorProdigyXAS23GOuterClothing,Equipment/garrison_worn_equipment.yml,True,490,490,490,490,490,490,1,retained equipment draft,,
CMU3DWornAU14ArmorProdigyXAS23OuterClothing,Equipment/garrison_worn_equipment.yml,True,374,374,374,374,374,374,1,retained equipment draft,,
CMU3DWornAU14ArmorProdigyXAS23SOuterClothing,Equipment/garrison_worn_equipment.yml,True,255,255,255,255,255,255,1,retained equipment draft,,
CMU3DWornAU14ArmorRMCOuterClothing,Equipment/garrison_worn_equipment.yml,True,278,278,278,278,278,278,1,retained equipment draft,,
CMU3DWornAU14ArmorSmartGunDesertCombatHarnessRMCOuterClothing,Equipment/garrison_worn_equipment.yml,True,438,438,438,438,438,438,1,retained equipment draft,,
CMU3DWornAU14ArmorSmartGunJungleCombatHarnessOuterClothing,Equipment/garrison_worn_equipment.yml,True,287,287,287,287,287,287,1,retained equipment draft,,
CMU3DWornAU14ArmorSmartGunUNISCCombatHarnessOuterClothing,Equipment/garrison_worn_equipment.yml,True,289,289,289,289,289,289,1,retained equipment draft,,
CMU3DWornAU14ArmorUSArmyNormalOuterClothing,Equipment/garrison_worn_equipment.yml,True,381,381,381,381,381,381,1,retained equipment draft,,
CMU3DWornAU14ArmorUSArmyOuterClothing,Equipment/garrison_worn_equipment.yml,True,354,354,354,354,354,354,1,retained equipment draft,,
CMU3DWornAU14ArmorUSArmySynthOuterClothing,Equipment/garrison_worn_equipment.yml,True,284,284,284,284,284,284,1,retained equipment draft,,
CMU3DWornAU14ArmyJumpsuitJumpsuit,Equipment/garrison_worn_equipment.yml,True,489,489,489,489,489,489,1,retained equipment draft,,
CMU3DWornAU14ArmyJumpsuitTankerJumpsuit,Equipment/garrison_worn_equipment.yml,True,488,488,488,488,488,488,1,retained equipment draft,,
CMU3DWornAU14BackpackAmmoRCMSurvL90Back,Equipment/garrison_worn_equipment.yml,True,140,140,140,140,140,140,1,retained equipment draft,,
CMU3DWornAU14BeltBrowneFilledCMPBelt,Equipment/garrison_worn_equipment.yml,True,152,152,152,152,152,152,1,retained equipment draft,,
CMU3DWornAU14BeltConstructionCLFSurvBelt,Equipment/garrison_worn_equipment.yml,True,60,60,60,60,60,60,1,retained equipment draft,,
CMU3DWornAU14BeltHolsterPistolBlackBelt,Equipment/garrison_worn_equipment.yml,True,66,66,66,66,66,66,1,retained equipment draft,,
CMU3DWornAU14BeltHolsterPistolBlackSuitstorage,Equipment/garrison_worn_equipment.yml,True,18,18,18,18,18,18,1,retained equipment draft,,
CMU3DWornAU14BeltHolsterPistolCMBHG45Belt,Equipment/garrison_worn_equipment.yml,True,66,66,66,66,66,66,1,retained equipment draft,,
CMU3DWornAU14BeltHolsterPistolCMBHG45Suitstorage,Equipment/garrison_worn_equipment.yml,True,66,66,66,66,66,66,1,retained equipment draft,,
CMU3DWornAU14BeltHolsterPistolRMCFullL165A1Belt,Equipment/garrison_worn_equipment.yml,True,54,54,54,54,54,54,1,retained equipment draft,,
CMU3DWornAU14BeltHolsterPistolRMCFullL165A1Suitstorage,Equipment/garrison_worn_equipment.yml,True,18,18,18,18,18,18,1,retained equipment draft,,
CMU3DWornAU14BeltHolsterPistolUPPFullBelt,Equipment/garrison_worn_equipment.yml,True,68,68,68,68,68,68,1,retained equipment draft,,
CMU3DWornAU14BeltHolsterPistolUPPFullSuitstorage,Equipment/garrison_worn_equipment.yml,True,18,18,18,18,18,18,1,retained equipment draft,,
CMU3DWornAU14BeltHolsterPistolUSArmyFullBelt,Equipment/garrison_worn_equipment.yml,True,68,68,68,68,68,68,1,retained equipment draft,,
CMU3DWornAU14BeltHolsterPistolUSArmyFullSuitstorage,Equipment/garrison_worn_equipment.yml,True,18,18,18,18,18,18,1,retained equipment draft,,
CMU3DWornAU14BeltMarineArmyUPPTDFilledBelt,Equipment/garrison_worn_equipment.yml,True,62,62,62,62,62,62,1,retained equipment draft,,
CMU3DWornAU14BeltMarineRMCFullL90Belt,Equipment/garrison_worn_equipment.yml,True,64,64,64,64,64,64,1,retained equipment draft,,
CMU3DWornAU14BeltMedicBagFilledBelt,Equipment/garrison_worn_equipment.yml,True,77,77,77,77,77,77,1,retained equipment draft,,
CMU3DWornAU14BeltMedicBagProdigyFilledBelt,Equipment/garrison_worn_equipment.yml,True,77,77,77,77,77,77,1,retained equipment draft,,
CMU3DWornAU14BeltMedicBagSupportSynthBlackBelt,Equipment/garrison_worn_equipment.yml,True,70,70,70,70,70,70,1,retained equipment draft,,
CMU3DWornAU14BeltMedicBagSupportSynthRMCBelt,Equipment/garrison_worn_equipment.yml,True,72,72,72,72,72,72,1,retained equipment draft,,
CMU3DWornAU14BeltMedicalFilledBelt,Equipment/garrison_worn_equipment.yml,True,58,58,58,58,58,58,1,retained equipment draft,,
CMU3DWornAU14BeltMedicalUPPFullBelt,Equipment/garrison_worn_equipment.yml,True,64,64,64,64,64,64,1,retained equipment draft,,
CMU3DWornAU14BeltSmartGunOperatorPistolForeconFilledBelt,Equipment/garrison_worn_equipment.yml,True,66,66,66,66,66,66,1,retained equipment draft,,
CMU3DWornAU14BeltSmartGunOperatorPistolUPPFullBelt,Equipment/garrison_worn_equipment.yml,True,60,60,60,60,60,60,1,retained equipment draft,,
CMU3DWornAU14BeltUtilityCombatFilledBelt,Equipment/garrison_worn_equipment.yml,True,59,59,59,59,59,59,1,retained equipment draft,,
CMU3DWornAU14BeltUtilityCombatProdigyRUFilledBelt,Equipment/garrison_worn_equipment.yml,True,59,59,59,59,59,59,1,retained equipment draft,,
CMU3DWornAU14BeltUtilityFilledBelt,Equipment/garrison_worn_equipment.yml,True,53,53,53,53,53,53,1,retained equipment draft,,
CMU3DWornAU14BeltUtilityGeneralBlackBelt,Equipment/garrison_worn_equipment.yml,True,74,74,74,74,74,74,1,retained equipment draft,,
CMU3DWornAU14BeretUSArmyHead,Equipment/garrison_worn_equipment.yml,True,98,98,98,98,98,98,1,retained equipment draft,,
CMU3DWornAU14BeretUSArmyMajorHead,Equipment/garrison_worn_equipment.yml,True,105,105,105,105,105,105,1,retained equipment draft,,
CMU3DWornAU14BootsCBRNShoes,Equipment/garrison_worn_equipment.yml,True,109,109,109,109,109,109,1,retained equipment draft,,
CMU3DWornAU14BootsJungleShoes,Equipment/garrison_worn_equipment.yml,True,78,78,78,78,78,78,1,retained equipment draft,,
CMU3DWornAU14CBRNSuitJumpsuit,Equipment/garrison_worn_equipment.yml,True,464,464,464,464,464,464,1,retained equipment draft,,
CMU3DWornAU14CCAFUniformJumpsuit,Equipment/garrison_worn_equipment.yml,True,492,492,492,492,492,492,1,retained equipment draft,,
CMU3DWornAU14CMBDeputyWindbreakerOuterClothing,Equipment/garrison_worn_equipment.yml,True,395,395,395,395,395,395,1,retained equipment draft,,
CMU3DWornAU14CMBMarshalWindbreakerOuterClothing,Equipment/garrison_worn_equipment.yml,True,395,395,395,395,395,395,1,retained equipment draft,,
CMU3DWornAU14CMBUniformJumpsuit,Equipment/garrison_worn_equipment.yml,True,435,435,435,435,435,435,1,retained equipment draft,,
CMU3DWornAU14CMDefibrillatorBack,Equipment/garrison_worn_equipment.yml,True,159,159,159,159,159,159,1,retained equipment draft,,
CMU3DWornAU14CMDefibrillatorOuterClothing,Equipment/garrison_worn_equipment.yml,True,159,159,159,159,159,159,1,retained equipment draft,,
CMU3DWornAU14CMJumpsuitColonistCLFJumpsuit,Equipment/garrison_worn_equipment.yml,True,495,495,495,495,495,495,1,retained equipment draft,,
CMU3DWornAU14CWPSBomberOuterClothing,Equipment/garrison_worn_equipment.yml,True,337,337,337,337,337,337,1,retained equipment draft,,
CMU3DWornAU14CWPSCampaignHatHead,Equipment/garrison_worn_equipment.yml,True,144,144,144,144,144,144,1,retained equipment draft,,
CMU3DWornAU14CWPSUniformJumpsuit,Equipment/garrison_worn_equipment.yml,True,407,407,407,407,407,407,1,retained equipment draft,,
CMU3DWornAU14CamoM50HelmetHead,Equipment/garrison_worn_equipment.yml,True,273,273,273,273,273,273,1,retained equipment draft,,
CMU3DWornAU14CivBallCapBlackHead,Equipment/garrison_worn_equipment.yml,True,94,94,94,94,94,94,1,retained equipment draft,,
CMU3DWornAU14CivBallCapBlueTruckerHead,Equipment/garrison_worn_equipment.yml,True,91,91,91,91,91,91,1,retained equipment draft,,
CMU3DWornAU14CivBallCapRedTruckerHead,Equipment/garrison_worn_equipment.yml,True,99,99,99,99,99,99,1,retained equipment draft,,
CMU3DWornAU14CivFedoraBrownHead,Equipment/garrison_worn_equipment.yml,True,104,104,104,104,104,104,1,retained equipment draft,,
CMU3DWornAU14CivFedoraGrayHead,Equipment/garrison_worn_equipment.yml,True,86,86,86,86,86,86,1,retained equipment draft,,
CMU3DWornAU14CivFedoraTanHead,Equipment/garrison_worn_equipment.yml,True,86,86,86,86,86,86,1,retained equipment draft,,
CMU3DWornAU14CivilianBoilerSuitCyanJumpsuit,Equipment/garrison_worn_equipment.yml,True,491,491,491,491,491,491,1,retained equipment draft,,
CMU3DWornAU14CivilianBoilerSuitDarkBlueSynthJumpsuit,Equipment/garrison_worn_equipment.yml,True,491,491,491,491,491,491,1,retained equipment draft,,
CMU3DWornAU14CivilianBoilerSuitGrayJumpsuit,Equipment/garrison_worn_equipment.yml,True,491,491,491,491,491,491,1,retained equipment draft,,
CMU3DWornAU14CivilianBoilerSuitKhakiJumpsuit,Equipment/garrison_worn_equipment.yml,True,491,491,491,491,491,491,1,retained equipment draft,,
CMU3DWornAU14CivilianBoilerSuitLightBlueJumpsuit,Equipment/garrison_worn_equipment.yml,True,487,487,487,487,487,487,1,retained equipment draft,,
CMU3DWornAU14CivilianBoilerSuitWhiteJumpsuit,Equipment/garrison_worn_equipment.yml,True,491,491,491,491,491,491,1,retained equipment draft,,
CMU3DWornAU14CivilianBrownTrenchCoatOuterClothing,Equipment/garrison_worn_equipment.yml,True,454,454,454,454,454,454,1,retained equipment draft,,
CMU3DWornAU14CivilianFlannelPurpleJumpsuit,Equipment/garrison_worn_equipment.yml,True,471,471,471,471,471,471,1,retained equipment draft,,
CMU3DWornAU14CivilianFlannelRedJumpsuit,Equipment/garrison_worn_equipment.yml,True,487,487,487,487,487,487,1,retained equipment draft,,
CMU3DWornAU14CivilianFlannelWhiteJumpsuit,Equipment/garrison_worn_equipment.yml,True,484,484,484,484,484,484,1,retained equipment draft,,
CMU3DWornAU14CivilianFloralBlueJumpsuit,Equipment/garrison_worn_equipment.yml,True,407,407,407,407,407,407,1,retained equipment draft,,
CMU3DWornAU14CivilianFloralRedJumpsuit,Equipment/garrison_worn_equipment.yml,True,407,407,407,407,407,407,1,retained equipment draft,,
CMU3DWornAU14CivilianFloralYellowJumpsuit,Equipment/garrison_worn_equipment.yml,True,405,405,405,405,405,405,1,retained equipment draft,,
CMU3DWornAU14CivilianFullSuitParamedicGreenOuterClothing,Equipment/garrison_worn_equipment.yml,True,461,461,461,461,461,461,1,retained equipment draft,,
CMU3DWornAU14CivilianFullSuitParamedicRedOuterClothing,Equipment/garrison_worn_equipment.yml,True,484,484,484,484,484,484,1,retained equipment draft,,
CMU3DWornAU14CivilianFullSuitSanitationOuterClothing,Equipment/garrison_worn_equipment.yml,True,479,479,479,479,479,479,1,retained equipment draft,,
CMU3DWornAU14CivilianFullSuitWeYuEngineerOuterClothing,Equipment/garrison_worn_equipment.yml,True,491,491,491,491,491,491,1,retained equipment draft,,
CMU3DWornAU14CivilianGrayTrenchCoatOuterClothing,Equipment/garrison_worn_equipment.yml,True,481,481,481,481,481,481,1,retained equipment draft,,
CMU3DWornAU14CivilianHazardVestKellandMiningCorporationOuterClothing,Equipment/garrison_worn_equipment.yml,True,187,187,187,187,187,187,1,retained equipment draft,,
CMU3DWornAU14CivilianHazardVestParamedicGreenOuterClothing,Equipment/garrison_worn_equipment.yml,True,161,161,161,161,161,161,1,retained equipment draft,,
CMU3DWornAU14CivilianHazardVestParamedicWhiteOuterClothing,Equipment/garrison_worn_equipment.yml,True,161,161,161,161,161,161,1,retained equipment draft,,
CMU3DWornAU14CivilianHazardVestSanitationOuterClothing,Equipment/garrison_worn_equipment.yml,True,168,168,168,168,168,168,1,retained equipment draft,,
CMU3DWornAU14CivilianJacketBlueParkaOuterClothing,Equipment/garrison_worn_equipment.yml,True,459,459,459,459,459,459,1,retained equipment draft,,
CMU3DWornAU14CivilianJacketBomberJacketOuterClothing,Equipment/garrison_worn_equipment.yml,True,336,336,336,336,336,336,1,retained equipment draft,,
CMU3DWornAU14CivilianJacketGrayPufferJacketOuterClothing,Equipment/garrison_worn_equipment.yml,True,296,296,296,296,296,296,1,retained equipment draft,,
CMU3DWornAU14CivilianJacketGrayPufferVestOuterClothing,Equipment/garrison_worn_equipment.yml,True,227,227,227,227,227,227,1,retained equipment draft,,
CMU3DWornAU14CivilianJacketGreenParkaOuterClothing,Equipment/garrison_worn_equipment.yml,True,461,461,461,461,461,461,1,retained equipment draft,,
CMU3DWornAU14CivilianJacketKhakiPufferJacketOuterClothing,Equipment/garrison_worn_equipment.yml,True,296,296,296,296,296,296,1,retained equipment draft,,
CMU3DWornAU14CivilianJacketKhakiPufferVestOuterClothing,Equipment/garrison_worn_equipment.yml,True,227,227,227,227,227,227,1,retained equipment draft,,
CMU3DWornAU14CivilianJacketOldCoatOuterClothing,Equipment/garrison_worn_equipment.yml,True,368,368,368,368,368,368,1,retained equipment draft,,
CMU3DWornAU14CivilianJacketOrangePufferJacketOuterClothing,Equipment/garrison_worn_equipment.yml,True,296,296,296,296,296,296,1,retained equipment draft,,
CMU3DWornAU14CivilianJacketRedParkaOuterClothing,Equipment/garrison_worn_equipment.yml,True,457,457,457,457,457,457,1,retained equipment draft,,
CMU3DWornAU14CivilianJacketSnowSuitOuterClothing,Equipment/garrison_worn_equipment.yml,True,496,496,496,496,496,496,1,retained equipment draft,,
CMU3DWornAU14CivilianJacketTanPufferVestOuterClothing,Equipment/garrison_worn_equipment.yml,True,227,227,227,227,227,227,1,retained equipment draft,,
CMU3DWornAU14CivilianJacketYellowParkaOuterClothing,Equipment/garrison_worn_equipment.yml,True,450,450,450,450,450,450,1,retained equipment draft,,
CMU3DWornAU14CivilianKellandMiningClothesJumpsuit,Equipment/garrison_worn_equipment.yml,True,412,412,412,412,412,412,1,retained equipment draft,,
CMU3DWornAU14CivilianParamedicClothesGreenJumpsuit,Equipment/garrison_worn_equipment.yml,True,467,467,467,467,467,467,1,retained equipment draft,,
CMU3DWornAU14CivilianParamedicClothesRedJumpsuit,Equipment/garrison_worn_equipment.yml,True,433,433,433,433,433,433,1,retained equipment draft,,
CMU3DWornAU14CivilianPrisonJumpsuitJumpsuit,Equipment/garrison_worn_equipment.yml,True,486,486,486,486,486,486,1,retained equipment draft,,
CMU3DWornAU14CivilianSanitationClothesJumpsuit,Equipment/garrison_worn_equipment.yml,True,376,376,376,376,376,376,1,retained equipment draft,,
CMU3DWornAU14CivilianTanTrenchCoatOuterClothing,Equipment/garrison_worn_equipment.yml,True,481,481,481,481,481,481,1,retained equipment draft,,
CMU3DWornAU14CivilianTurnoutGearOuterClothing,Equipment/garrison_worn_equipment.yml,True,503,503,503,503,503,503,1,retained equipment draft,,
CMU3DWornAU14CivilianWeYuEngineerClothesJumpsuit,Equipment/garrison_worn_equipment.yml,True,387,387,387,387,387,387,1,retained equipment draft,,
CMU3DWornAU14CivilianWeYuEngineerFormanClothesJumpsuit,Equipment/garrison_worn_equipment.yml,True,405,405,405,405,405,405,1,retained equipment draft,,
CMU3DWornAU14CivilianWorkwearBlueJumpsuit,Equipment/garrison_worn_equipment.yml,True,422,422,422,422,422,422,1,retained equipment draft,,
CMU3DWornAU14CivilianWorkwearGreenJumpsuit,Equipment/garrison_worn_equipment.yml,True,422,422,422,422,422,422,1,retained equipment draft,,
CMU3DWornAU14CivilianWorkwearPinkJumpsuit,Equipment/garrison_worn_equipment.yml,True,438,438,438,438,438,438,1,retained equipment draft,,
CMU3DWornAU14CivilianWorkwearYellowJumpsuit,Equipment/garrison_worn_equipment.yml,True,435,435,435,435,435,435,1,retained equipment draft,,
CMU3DWornAU14CultistSatchelBlackBack,Equipment/garrison_worn_equipment.yml,True,76,76,76,76,76,76,1,retained equipment draft,,
CMU3DWornAU14DesertBoonieHatHead,Equipment/garrison_worn_equipment.yml,True,114,114,114,114,114,114,1,retained equipment draft,,
CMU3DWornAU14DesertM10HelmetHead,Equipment/garrison_worn_equipment.yml,True,248,248,248,248,248,248,1,retained equipment draft,,
CMU3DWornAU14DesertM11HelmetHead,Equipment/garrison_worn_equipment.yml,True,246,246,246,246,246,246,1,retained equipment draft,,
CMU3DWornAU14DrugDealerDrugBackpackBack,Equipment/garrison_worn_equipment.yml,True,76,76,76,76,76,76,1,retained equipment draft,,
CMU3DWornAU14ExternalWebbingOuterClothing,Equipment/garrison_worn_equipment.yml,True,178,178,178,178,178,178,1,retained equipment draft,,
CMU3DWornAU14FatiguesBlackRMCJumpsuit,Equipment/garrison_worn_equipment.yml,True,495,495,495,495,495,495,1,retained equipment draft,,
CMU3DWornAU14FatiguesBlackRMCTeamleadJumpsuit,Equipment/garrison_worn_equipment.yml,True,491,491,491,491,491,491,1,retained equipment draft,,
CMU3DWornAU14FatiguesUPPGROMJumpsuit,Equipment/garrison_worn_equipment.yml,True,505,505,505,505,505,505,1,retained equipment draft,,
CMU3DWornAU14GlassesBiMexOrangeEyes,Equipment/garrison_worn_equipment.yml,True,33,33,33,33,33,33,1,retained equipment draft,,
CMU3DWornAU14GlassesBiMexOrangeMask,Equipment/garrison_worn_equipment.yml,True,33,33,33,33,33,33,1,retained equipment draft,,
CMU3DWornAU14GlassesPersonalOrangeEyes,Equipment/garrison_worn_equipment.yml,True,24,24,24,24,24,24,1,retained equipment draft,,
CMU3DWornAU14GlassesPersonalOrangeMask,Equipment/garrison_worn_equipment.yml,True,24,24,24,24,24,24,1,retained equipment draft,,
CMU3DWornAU14GogglesM1A1BallisticEyes,Equipment/garrison_worn_equipment.yml,True,53,53,53,53,53,53,1,retained equipment draft,,
CMU3DWornAU14GogglesM1A1BallisticMask,Equipment/garrison_worn_equipment.yml,True,53,53,53,53,53,53,1,retained equipment draft,,
CMU3DWornAU14GogglesM1A1ClearBallisticEyes,Equipment/garrison_worn_equipment.yml,True,46,46,46,46,46,46,1,retained equipment draft,,
CMU3DWornAU14GogglesM1A1ClearBallisticMask,Equipment/garrison_worn_equipment.yml,True,46,46,46,46,46,46,1,retained equipment draft,,
CMU3DWornAU14GogglesM1A1DarkBallisticEyes,Equipment/garrison_worn_equipment.yml,True,53,53,53,53,53,53,1,retained equipment draft,,
CMU3DWornAU14GogglesM1A1DarkBallisticMask,Equipment/garrison_worn_equipment.yml,True,53,53,53,53,53,53,1,retained equipment draft,,
CMU3DWornAU14GogglesM1A1LaserBallisticEyes,Equipment/garrison_worn_equipment.yml,True,41,41,41,41,41,41,1,retained equipment draft,,
CMU3DWornAU14GogglesM1A1LaserBallisticMask,Equipment/garrison_worn_equipment.yml,True,41,41,41,41,41,41,1,retained equipment draft,,
CMU3DWornAU14GogglesM1A1OrangeBallisticEyes,Equipment/garrison_worn_equipment.yml,True,40,40,40,40,40,40,1,retained equipment draft,,
CMU3DWornAU14GogglesM1A1OrangeBallisticMask,Equipment/garrison_worn_equipment.yml,True,41,41,41,41,41,41,1,retained equipment draft,,
CMU3DWornAU14GogglesM1A1PolarizedBallisticEyes,Equipment/garrison_worn_equipment.yml,True,41,41,41,41,41,41,1,retained equipment draft,,
CMU3DWornAU14GogglesM1A1PolarizedBallisticMask,Equipment/garrison_worn_equipment.yml,True,41,41,41,41,41,41,1,retained equipment draft,,
CMU3DWornAU14HandsProdigyRUGloves,Equipment/garrison_worn_equipment.yml,True,79,79,79,79,79,79,1,retained equipment draft,,
CMU3DWornAU14HandsRMCGloves,Equipment/garrison_worn_equipment.yml,True,81,81,81,81,81,81,1,retained equipment draft,,
CMU3DWornAU14HatUSArmyHead,Equipment/garrison_worn_equipment.yml,True,175,175,175,175,175,175,1,retained equipment draft,,
CMU3DWornAU14HeadBeretADJHead,Equipment/garrison_worn_equipment.yml,True,95,95,95,95,95,95,1,retained equipment draft,,
CMU3DWornAU14HeadBeretRMCHead,Equipment/garrison_worn_equipment.yml,True,83,83,83,83,83,83,1,retained equipment draft,,
CMU3DWornAU14HeadBeretRMCOfficerHead,Equipment/garrison_worn_equipment.yml,True,126,126,126,126,126,126,1,retained equipment draft,,
CMU3DWornAU14HeadBeretSOHead,Equipment/garrison_worn_equipment.yml,True,119,119,119,119,119,119,1,retained equipment draft,,
CMU3DWornAU14HeadCommandoBeanieHead,Equipment/garrison_worn_equipment.yml,True,128,128,128,128,128,128,1,retained equipment draft,,
CMU3DWornAU14HeadHelmetRMCHead,Equipment/garrison_worn_equipment.yml,True,171,171,171,171,171,171,1,retained equipment draft,,
CMU3DWornAU14HeadHelmetRMCHeavyHead,Equipment/garrison_worn_equipment.yml,True,245,245,245,245,245,245,1,retained equipment draft,,
CMU3DWornAU14HeadHelmetRMCMedicHead,Equipment/garrison_worn_equipment.yml,True,176,176,176,176,176,176,1,retained equipment draft,,
CMU3DWornAU14HeadHelmetRMCSniperHead,Equipment/garrison_worn_equipment.yml,True,198,198,198,198,198,198,1,retained equipment draft,,
CMU3DWornAU14HeadPithHelmetHead,Equipment/garrison_worn_equipment.yml,True,132,132,132,132,132,132,1,retained equipment draft,,
CMU3DWornAU14HelmetGhillieHead,Equipment/garrison_worn_equipment.yml,True,260,260,260,260,260,260,1,retained equipment draft,,
CMU3DWornAU14HelmetUSArmyHead,Equipment/garrison_worn_equipment.yml,True,276,276,276,276,276,276,1,retained equipment draft,,
CMU3DWornAU14IDCardCivilianKellandWardenId,Equipment/garrison_worn_equipment.yml,True,7,7,7,7,7,7,1,retained equipment draft,,
CMU3DWornAU14IDCardColonyCMBMarshalId,Equipment/garrison_worn_equipment.yml,True,7,7,7,7,7,7,1,retained equipment draft,,
CMU3DWornAU14IDCardFORECONCommanderId,Equipment/garrison_worn_equipment.yml,True,8,8,8,8,8,8,1,retained equipment draft,,
CMU3DWornAU14IMPBackpackMarineBack,Equipment/garrison_worn_equipment.yml,True,126,126,126,126,126,126,1,retained equipment draft,,
CMU3DWornAU14JoeHazmatJumpsuit,Equipment/garrison_worn_equipment.yml,True,499,499,499,499,499,499,1,retained equipment draft,,
CMU3DWornAU14JumpsuitArmyUPPJumpsuit,Equipment/garrison_worn_equipment.yml,True,473,473,473,473,473,473,1,retained equipment draft,,
CMU3DWornAU14JumpsuitCivilianBlueVAIWebbingSurgicalJumpsuit,Equipment/garrison_worn_equipment.yml,True,482,482,482,482,482,482,1,retained equipment draft,,
CMU3DWornAU14JumpsuitCivilianRedVAIHEDPJumpsuit,Equipment/garrison_worn_equipment.yml,True,459,459,459,459,459,459,1,retained equipment draft,,
CMU3DWornAU14JumpsuitCivilianYellowVAIToolWebbingJumpsuit,Equipment/garrison_worn_equipment.yml,True,489,489,489,489,489,489,1,retained equipment draft,,
CMU3DWornAU14JumpsuitFORECONDesertJumpsuit,Equipment/garrison_worn_equipment.yml,True,489,489,489,489,489,489,1,retained equipment draft,,
CMU3DWornAU14JumpsuitFORECONJumpsuit,Equipment/garrison_worn_equipment.yml,True,489,489,489,489,489,489,1,retained equipment draft,,
CMU3DWornAU14JumpsuitIASFL90Jumpsuit,Equipment/garrison_worn_equipment.yml,True,495,495,495,495,495,495,1,retained equipment draft,,
CMU3DWornAU14JumpsuitTShirtRedVAIHEDPJumpsuit,Equipment/garrison_worn_equipment.yml,True,440,440,440,440,440,440,1,retained equipment draft,,
CMU3DWornAU14JumpsuitTShirtWhiteVAIToolWebbingJumpsuit,Equipment/garrison_worn_equipment.yml,True,367,367,367,367,367,367,1,retained equipment draft,,
CMU3DWornAU14JumpsuitVeteranPMCCorporateJumpsuit,Equipment/garrison_worn_equipment.yml,True,476,476,476,476,476,476,1,retained equipment draft,,
CMU3DWornAU14JumpsuitVeteranPMCCorporateLeadJumpsuit,Equipment/garrison_worn_equipment.yml,True,479,479,479,479,479,479,1,retained equipment draft,,
CMU3DWornAU14JungleBoonieHatHead,Equipment/garrison_worn_equipment.yml,True,114,114,114,114,114,114,1,retained equipment draft,,
CMU3DWornAU14JungleM10CorpsmanHelmetHead,Equipment/garrison_worn_equipment.yml,True,252,252,252,252,252,252,1,retained equipment draft,,
CMU3DWornAU14JungleM10HelmetHead,Equipment/garrison_worn_equipment.yml,True,254,254,254,254,254,254,1,retained equipment draft,,
CMU3DWornAU14JungleM11HelmetHead,Equipment/garrison_worn_equipment.yml,True,252,252,252,252,252,252,1,retained equipment draft,,
CMU3DWornAU14JunglePatrolCapHead,Equipment/garrison_worn_equipment.yml,True,94,94,94,94,94,94,1,retained equipment draft,,
CMU3DWornAU14LACNBackpackSniperBack,Equipment/garrison_worn_equipment.yml,True,146,146,146,146,146,146,1,retained equipment draft,,
CMU3DWornAU14LACNBootsShoes,Equipment/garrison_worn_equipment.yml,True,116,116,116,116,116,116,1,retained equipment draft,,
CMU3DWornAU14LACNCommandoArmorStandardOuterClothing,Equipment/garrison_worn_equipment.yml,True,286,286,286,286,286,286,1,retained equipment draft,,
CMU3DWornAU14LACNGlovesGloves,Equipment/garrison_worn_equipment.yml,True,124,124,124,124,124,124,1,retained equipment draft,,
CMU3DWornAU14LACNNavyCapHead,Equipment/garrison_worn_equipment.yml,True,86,86,86,86,86,86,1,retained equipment draft,,
CMU3DWornAU14LACNUniformCoatJumpsuit,Equipment/garrison_worn_equipment.yml,True,463,463,463,463,463,463,1,retained equipment draft,,
CMU3DWornAU14M276ShotgunShellLoadingRigBlackVonBandolierBelt,Equipment/garrison_worn_equipment.yml,True,53,53,53,53,53,53,1,retained equipment draft,,
CMU3DWornAU14MOPPMaskMask,Equipment/garrison_worn_equipment.yml,True,285,285,285,285,285,285,1,retained equipment draft,,
CMU3DWornAU14MarineUniformDressEnlistedDJumpsuit,Equipment/garrison_worn_equipment.yml,True,361,361,361,361,361,361,1,retained equipment draft,,
CMU3DWornAU14MarineUniformDressSeniorDJumpsuit,Equipment/garrison_worn_equipment.yml,True,357,357,357,357,357,357,1,retained equipment draft,,
CMU3DWornAU14MaskUSASFPilotOxygenMask,Equipment/garrison_worn_equipment.yml,True,42,42,42,42,42,42,1,retained equipment draft,,
CMU3DWornAU14MatebaCustomBeltFilledAmmoBelt,Equipment/garrison_worn_equipment.yml,True,77,77,77,77,77,77,1,retained equipment draft,,
CMU3DWornAU14MatebaCustomBeltFilledAmmoSuitstorage,Equipment/garrison_worn_equipment.yml,True,18,18,18,18,18,18,1,retained equipment draft,,
CMU3DWornAU14MolleSatchelBack,Equipment/garrison_worn_equipment.yml,True,59,59,59,59,59,59,1,retained equipment draft,,
CMU3DWornAU14PARTOperatorHelmetHeavyHead,Equipment/garrison_worn_equipment.yml,True,258,258,258,258,258,258,1,retained equipment draft,,
CMU3DWornAU14PVEHandsInsulatedBlackMarineGloves,Equipment/garrison_worn_equipment.yml,True,81,81,81,81,81,81,1,retained equipment draft,,
CMU3DWornAU14ProdigyBallisticHelmetPARTHead,Equipment/garrison_worn_equipment.yml,True,242,242,242,242,242,242,1,retained equipment draft,,
CMU3DWornAU14ProdigyBeretPARTHead,Equipment/garrison_worn_equipment.yml,True,118,118,118,118,118,118,1,retained equipment draft,,
CMU3DWornAU14ProdigyFatiguesRUJumpsuit,Equipment/garrison_worn_equipment.yml,True,498,498,498,498,498,498,1,retained equipment draft,,
CMU3DWornAU14ProdigyWeldingGogglesEyes,Equipment/garrison_worn_equipment.yml,True,34,34,34,34,34,34,1,retained equipment draft,,
CMU3DWornAU14RMCRRTBackpackBreacherBack,Equipment/garrison_worn_equipment.yml,True,191,191,191,191,191,191,1,retained equipment draft,,
CMU3DWornAU14SatchelCMBShotgunBack,Equipment/garrison_worn_equipment.yml,True,26,26,26,26,26,26,1,retained equipment draft,,
CMU3DWornAU14SatchelDemoSpecUPPBack,Equipment/garrison_worn_equipment.yml,True,187,187,187,187,187,187,1,retained equipment draft,,
CMU3DWornAU14SatchelMarineAdvisorMilitaryBack,Equipment/garrison_worn_equipment.yml,True,34,34,34,34,34,34,1,retained equipment draft,,
CMU3DWornAU14ScrubsGreenDoctorSurgicalJumpsuit,Equipment/garrison_worn_equipment.yml,True,340,340,340,340,340,340,1,retained equipment draft,,
CMU3DWornAU14ShotgunShellLoadingRigRMCFullBuckshotBelt,Equipment/garrison_worn_equipment.yml,True,79,79,79,79,79,79,1,retained equipment draft,,
CMU3DWornAU14SlingSatchelBlueBack,Equipment/garrison_worn_equipment.yml,True,76,76,76,76,76,76,1,retained equipment draft,,
CMU3DWornAU14SmartpackBlackFilledBack,Equipment/garrison_worn_equipment.yml,True,260,260,260,260,260,260,1,retained equipment draft,,
CMU3DWornAU14SmartpackBlackFilledBack8a036aab,Equipment/garrison_worn_equipment.yml,True,260,260,260,260,260,260,1,retained equipment draft,,
CMU3DWornAU14StrikeOrganizerBackpackBack,Equipment/garrison_worn_equipment.yml,True,232,232,232,232,232,232,1,retained equipment draft,,
CMU3DWornAU14SuitBioWeYuOuterClothing,Equipment/garrison_worn_equipment.yml,True,502,502,502,502,502,502,1,retained equipment draft,,
CMU3DWornAU14UACGAmmoBearerBeltBelt,Equipment/garrison_worn_equipment.yml,True,74,74,74,74,74,74,1,retained equipment draft,,
CMU3DWornAU14UACGBeltFilledM20aBelt,Equipment/garrison_worn_equipment.yml,True,53,53,53,53,53,53,1,retained equipment draft,,
CMU3DWornAU14UACGPatrolCapHead,Equipment/garrison_worn_equipment.yml,True,94,94,94,94,94,94,1,retained equipment draft,,
CMU3DWornAU14UACGPatrolRucksackBack,Equipment/garrison_worn_equipment.yml,True,129,129,129,129,129,129,1,retained equipment draft,,
CMU3DWornAU14UNISCBeretHead,Equipment/garrison_worn_equipment.yml,True,100,100,100,100,100,100,1,retained equipment draft,,
CMU3DWornAU14UNISCFatiguesJumpsuit,Equipment/garrison_worn_equipment.yml,True,486,486,486,486,486,486,1,retained equipment draft,,
CMU3DWornAU14UNISCM10HelmetHead,Equipment/garrison_worn_equipment.yml,True,238,238,238,238,238,238,1,retained equipment draft,,
CMU3DWornAU14UNISCM11HelmetHead,Equipment/garrison_worn_equipment.yml,True,237,237,237,237,237,237,1,retained equipment draft,,
CMU3DWornAU14UPPBoonieHead,Equipment/garrison_worn_equipment.yml,True,137,137,137,137,137,137,1,retained equipment draft,,
CMU3DWornAU14UPPNavalInfantryHelmetHead,Equipment/garrison_worn_equipment.yml,True,260,260,260,260,260,260,1,retained equipment draft,,
CMU3DWornAU14UPPPatrolCapHead,Equipment/garrison_worn_equipment.yml,True,95,95,95,95,95,95,1,retained equipment draft,,
CMU3DWornAU14USASFAirCrewHelmetHead,Equipment/garrison_worn_equipment.yml,True,279,279,279,279,279,279,1,retained equipment draft,,
CMU3DWornAU14USASFICPS2OuterClothing,Equipment/garrison_worn_equipment.yml,True,446,446,446,446,446,446,1,retained equipment draft,,
CMU3DWornAU14USASFPilotJumpsuitJumpsuit,Equipment/garrison_worn_equipment.yml,True,492,492,492,492,492,492,1,retained equipment draft,,
CMU3DWornAU14USASFSECFORBeretHead,Equipment/garrison_worn_equipment.yml,True,106,106,106,106,106,106,1,retained equipment draft,,
CMU3DWornAU14USCMVeteranCapHead,Equipment/garrison_worn_equipment.yml,True,100,100,100,100,100,100,1,retained equipment draft,,
CMU3DWornAU14UniversalBlackFatiguesJumpsuit,Equipment/garrison_worn_equipment.yml,True,486,486,486,486,486,486,1,retained equipment draft,,
CMU3DWornAU14WYGuardFatiguesJumpsuit,Equipment/garrison_worn_equipment.yml,True,507,507,507,507,507,507,1,retained equipment draft,,
CMU3DWornAU14WYPMCArmorMinOuterClothing,Equipment/garrison_worn_equipment.yml,True,347,347,347,347,347,347,1,retained equipment draft,,
CMU3DWornAU14WYPMCArmorOuterClothing,Equipment/garrison_worn_equipment.yml,True,494,494,494,494,494,494,1,retained equipment draft,,
CMU3DWornAU14WYPMCFatiguesEngineerJumpsuit,Equipment/garrison_worn_equipment.yml,True,468,468,468,468,468,468,1,retained equipment draft,,
CMU3DWornAU14WYPMCFatiguesJumpsuit,Equipment/garrison_worn_equipment.yml,True,464,464,464,464,464,464,1,retained equipment draft,,
CMU3DWornAU14WYPMCSniperHatHead,Equipment/garrison_worn_equipment.yml,True,191,191,191,191,191,191,1,retained equipment draft,,
CMU3DWornAU14WYPPOArmorOuterClothing,Equipment/garrison_worn_equipment.yml,True,236,236,236,236,236,236,1,retained equipment draft,,
CMU3DWornAU14WYPPOCapHead,Equipment/garrison_worn_equipment.yml,True,110,110,110,110,110,110,1,retained equipment draft,,
CMU3DWornAU14WYSecurityUniformRigJumpsuit,Equipment/garrison_worn_equipment.yml,True,472,472,472,472,472,472,1,retained equipment draft,,
CMU3DWornAU14WindbreakerBlueOuterClothing,Equipment/garrison_worn_equipment.yml,True,348,348,348,348,348,348,1,retained equipment draft,,
CMU3DWornArmorHelmetM10Head,Equipment/garrison_worn_equipment.yml,True,242,242,242,242,242,242,1,retained equipment draft,,
CMU3DWornArmorHelmetPMCCommandoHead,Equipment/garrison_worn_equipment.yml,True,270,270,270,270,270,270,1,retained equipment draft,,
CMU3DWornArmorHelmetPMCCorporateHead,Equipment/garrison_worn_equipment.yml,True,168,168,168,168,168,168,1,retained equipment draft,,
CMU3DWornArmorHelmetPMCCorporateLeadHead,Equipment/garrison_worn_equipment.yml,True,168,168,168,168,168,168,1,retained equipment draft,,
CMU3DWornArmorHelmetPMCDirectorHead,Equipment/garrison_worn_equipment.yml,True,56,56,56,56,56,56,1,retained equipment draft,,
CMU3DWornArmorHelmetPMCFieldOfficerHead,Equipment/garrison_worn_equipment.yml,True,120,120,120,120,120,120,1,retained equipment draft,,
CMU3DWornArmorHelmetPMCHead,Equipment/garrison_worn_equipment.yml,True,137,137,137,137,137,137,1,retained equipment draft,,
CMU3DWornArmorHelmetPMCOfficerHead,Equipment/garrison_worn_equipment.yml,True,97,97,97,97,97,97,1,retained equipment draft,,
CMU3DWornArmorHelmetPMCRiotShieldHead,Equipment/garrison_worn_equipment.yml,True,196,196,196,196,196,196,1,retained equipment draft,,
CMU3DWornArmorHelmetSPPEngineerHead,Equipment/garrison_worn_equipment.yml,True,234,234,234,234,234,234,1,retained equipment draft,,
CMU3DWornArmorHelmetSPPHead,Equipment/garrison_worn_equipment.yml,True,222,222,222,222,222,222,1,retained equipment draft,,
CMU3DWornArmorHelmetSPPHeavyHead,Equipment/garrison_worn_equipment.yml,True,264,264,264,264,264,264,1,retained equipment draft,,
CMU3DWornCMArmorDutchJacketVonBandolierOuterClothing,Equipment/garrison_worn_equipment.yml,True,407,407,407,407,407,407,1,retained equipment draft,,
CMU3DWornCMArmorFreelancerOuterClothing,Equipment/garrison_worn_equipment.yml,True,465,465,465,465,465,465,1,retained equipment draft,,
CMU3DWornCMArmorHelmetM10ChiefMPHead,Equipment/garrison_worn_equipment.yml,True,232,232,232,232,232,232,1,retained equipment draft,,
CMU3DWornCMArmorHelmetM11CGeneralHead,Equipment/garrison_worn_equipment.yml,True,226,226,226,226,226,226,1,retained equipment draft,,
CMU3DWornCMArmorM3VLBallisticsOuterClothing,Equipment/garrison_worn_equipment.yml,True,274,274,274,274,274,274,1,retained equipment draft,,
CMU3DWornCMArmorM3VLSynthClassicOuterClothing,Equipment/garrison_worn_equipment.yml,True,270,270,270,270,270,270,1,retained equipment draft,,
CMU3DWornCMArmorM3VLSynthDesertOuterClothing,Equipment/garrison_worn_equipment.yml,True,279,279,279,279,279,279,1,retained equipment draft,,
CMU3DWornCMArmorM3VLSynthOuterClothing,Equipment/garrison_worn_equipment.yml,True,279,279,279,279,279,279,1,retained equipment draft,,
CMU3DWornCMArmorM3VLSynthSnowOuterClothing,Equipment/garrison_worn_equipment.yml,True,279,279,279,279,279,279,1,retained equipment draft,,
CMU3DWornCMArmorM3VLSynthUrbanOuterClothing,Equipment/garrison_worn_equipment.yml,True,279,279,279,279,279,279,1,retained equipment draft,,
CMU3DWornCMArmorM3WOOuterClothing,Equipment/garrison_worn_equipment.yml,True,422,422,422,422,422,422,1,retained equipment draft,,
CMU3DWornCMArmorM4PMCCorporateLeadOuterClothing,Equipment/garrison_worn_equipment.yml,True,284,284,284,284,284,284,1,retained equipment draft,,
CMU3DWornCMArmorM4PMCCorporateOuterClothing,Equipment/garrison_worn_equipment.yml,True,284,284,284,284,284,284,1,retained equipment draft,,
CMU3DWornCMArmorM4PMCLightOuterClothing,Equipment/garrison_worn_equipment.yml,True,462,462,462,462,462,462,1,retained equipment draft,,
CMU3DWornCMArmorM4PMCSmartGunHarnessOuterClothing,Equipment/garrison_worn_equipment.yml,True,499,499,499,499,499,499,1,retained equipment draft,,
CMU3DWornCMBackpackEngineerBack,Equipment/garrison_worn_equipment.yml,True,139,139,139,139,139,139,1,retained equipment draft,,
CMU3DWornCMBackpackMarineMedicBack,Equipment/garrison_worn_equipment.yml,True,210,210,210,210,210,210,1,retained equipment draft,,
CMU3DWornCMBackpackMedicalBack,Equipment/garrison_worn_equipment.yml,True,220,220,220,220,220,220,1,retained equipment draft,,
CMU3DWornCMBackpackSniperBack,Equipment/garrison_worn_equipment.yml,True,55,55,55,55,55,55,1,retained equipment draft,,
CMU3DWornCMBeltSecurityMPBelt,Equipment/garrison_worn_equipment.yml,True,62,62,62,62,62,62,1,retained equipment draft,,
CMU3DWornCMBootsBlackShoes,Equipment/garrison_worn_equipment.yml,True,55,55,55,55,55,55,1,retained equipment draft,,
CMU3DWornCMBootsBrownShoes,Equipment/garrison_worn_equipment.yml,True,55,55,55,55,55,55,1,retained equipment draft,,
CMU3DWornCMCoatChiefMPOuterClothing,Equipment/garrison_worn_equipment.yml,True,427,427,427,427,427,427,1,retained equipment draft,,
CMU3DWornCMCoatMPOuterClothing,Equipment/garrison_worn_equipment.yml,True,437,437,437,437,437,437,1,retained equipment draft,,
CMU3DWornCMCoatXOFormalOuterClothing,Equipment/garrison_worn_equipment.yml,True,399,399,399,399,399,399,1,retained equipment draft,,
CMU3DWornCMGlassesSecurityEyes,Equipment/garrison_worn_equipment.yml,True,33,33,33,33,33,33,1,retained equipment draft,,
CMU3DWornCMHandsBrownGloves,Equipment/garrison_worn_equipment.yml,True,81,81,81,81,81,81,1,retained equipment draft,,
CMU3DWornCMHandsInsulatedGloves,Equipment/garrison_worn_equipment.yml,True,81,81,81,81,81,81,1,retained equipment draft,,
CMU3DWornCMHandsLatexGloves,Equipment/garrison_worn_equipment.yml,True,45,45,45,45,45,45,1,retained equipment draft,,
CMU3DWornCMHeadBandBrownHead,Equipment/garrison_worn_equipment.yml,True,61,61,61,61,61,61,1,retained equipment draft,,
CMU3DWornCMHeadBandGrayHead,Equipment/garrison_worn_equipment.yml,True,61,61,61,61,61,61,1,retained equipment draft,,
CMU3DWornCMHeadBandGreenHead,Equipment/garrison_worn_equipment.yml,True,44,44,44,44,44,44,1,retained equipment draft,,
CMU3DWornCMHeadBandRedHead,Equipment/garrison_worn_equipment.yml,True,42,42,42,42,42,42,1,retained equipment draft,,
CMU3DWornCMHeadBandTanHead,Equipment/garrison_worn_equipment.yml,True,42,42,42,42,42,42,1,retained equipment draft,,
CMU3DWornCMHeadBeretCMPHead,Equipment/garrison_worn_equipment.yml,True,100,100,100,100,100,100,1,retained equipment draft,,
CMU3DWornCMHeadBeretEngineerHead,Equipment/garrison_worn_equipment.yml,True,119,119,119,119,119,119,1,retained equipment draft,,
CMU3DWornCMHeadBeretRedHead,Equipment/garrison_worn_equipment.yml,True,113,113,113,113,113,113,1,retained equipment draft,,
CMU3DWornCMHeadBeretTanHead,Equipment/garrison_worn_equipment.yml,True,109,109,109,109,109,109,1,retained equipment draft,,
CMU3DWornCMHeadCapCMOHead,Equipment/garrison_worn_equipment.yml,True,105,105,105,105,105,105,1,retained equipment draft,,
CMU3DWornCMHeadCapCargoHead,Equipment/garrison_worn_equipment.yml,True,86,86,86,86,86,86,1,retained equipment draft,,
CMU3DWornCMHeadCapDrillHead,Equipment/garrison_worn_equipment.yml,True,115,115,115,115,115,115,1,retained equipment draft,,
CMU3DWornCMHeadCapMPHead,Equipment/garrison_worn_equipment.yml,True,94,94,94,94,94,94,1,retained equipment draft,,
CMU3DWornCMHeadCapOfficerHead,Equipment/garrison_worn_equipment.yml,True,132,132,132,132,132,132,1,retained equipment draft,,
CMU3DWornCMHeadCapPeakedFormalHead,Equipment/garrison_worn_equipment.yml,True,125,125,125,125,125,125,1,retained equipment draft,,
CMU3DWornCMHeadCapPeakedServiceHead,Equipment/garrison_worn_equipment.yml,True,125,125,125,125,125,125,1,retained equipment draft,,
CMU3DWornCMHeadCapSPPBeretHead,Equipment/garrison_worn_equipment.yml,True,99,99,99,99,99,99,1,retained equipment draft,,
CMU3DWornCMHeadCapSPPHead,Equipment/garrison_worn_equipment.yml,True,95,95,95,95,95,95,1,retained equipment draft,,
CMU3DWornCMHeadCapSPPPeakedPoliceHead,Equipment/garrison_worn_equipment.yml,True,115,115,115,115,115,115,1,retained equipment draft,,
CMU3DWornCMHeadCapSurgBlueHead,Equipment/garrison_worn_equipment.yml,True,116,116,116,116,116,116,1,retained equipment draft,,
CMU3DWornCMHeadCapSurgGreenHead,Equipment/garrison_worn_equipment.yml,True,116,116,116,116,116,116,1,retained equipment draft,,
CMU3DWornCMHeadCapSurgOrangeHead,Equipment/garrison_worn_equipment.yml,True,118,118,118,118,118,118,1,retained equipment draft,,
CMU3DWornCMHeadDressBluesHead,Equipment/garrison_worn_equipment.yml,True,114,114,114,114,114,114,1,retained equipment draft,,
CMU3DWornCMHeadFlapCapHead,Equipment/garrison_worn_equipment.yml,True,155,155,155,155,155,155,1,retained equipment draft,,
CMU3DWornCMJumpsuitAverageJoeJumpsuit,Equipment/garrison_worn_equipment.yml,True,510,510,510,510,510,510,1,retained equipment draft,,
CMU3DWornCMJumpsuitBOJumpsuit,Equipment/garrison_worn_equipment.yml,True,477,477,477,477,477,477,1,retained equipment draft,,
CMU3DWornCMJumpsuitCMOJumpsuit,Equipment/garrison_worn_equipment.yml,True,463,463,463,463,463,463,1,retained equipment draft,,
CMU3DWornCMJumpsuitGeneralJumpsuit,Equipment/garrison_worn_equipment.yml,True,384,384,384,384,384,384,1,retained equipment draft,,
CMU3DWornCMJumpsuitLiaisonBlackJumpsuit,Equipment/garrison_worn_equipment.yml,True,443,443,443,443,443,443,1,retained equipment draft,,
CMU3DWornCMJumpsuitLiaisonBlazerJumpsuit,Equipment/garrison_worn_equipment.yml,True,440,440,440,440,440,440,1,retained equipment draft,,
CMU3DWornCMJumpsuitLiaisonBlueJumpsuit,Equipment/garrison_worn_equipment.yml,True,441,441,441,441,441,441,1,retained equipment draft,,
CMU3DWornCMJumpsuitLiaisonBrownJumpsuit,Equipment/garrison_worn_equipment.yml,True,440,440,440,440,440,440,1,retained equipment draft,,
CMU3DWornCMJumpsuitLiaisonCharcoalJumpsuit,Equipment/garrison_worn_equipment.yml,True,441,441,441,441,441,441,1,retained equipment draft,,
CMU3DWornCMJumpsuitLiaisonCorporateFormalJumpsuit,Equipment/garrison_worn_equipment.yml,True,431,431,431,431,431,431,1,retained equipment draft,,
CMU3DWornCMJumpsuitLiaisonFormalJumpsuit,Equipment/garrison_worn_equipment.yml,True,441,441,441,441,441,441,1,retained equipment draft,,
CMU3DWornCMJumpsuitLiaisonIvyJumpsuit,Equipment/garrison_worn_equipment.yml,True,443,443,443,443,443,443,1,retained equipment draft,,
CMU3DWornCMJumpsuitLiaisonJumpsuit,Equipment/garrison_worn_equipment.yml,True,436,436,436,436,436,436,1,retained equipment draft,,
CMU3DWornCMJumpsuitLiaisonOutingJumpsuit,Equipment/garrison_worn_equipment.yml,True,487,487,487,487,487,487,1,retained equipment draft,,
CMU3DWornCMJumpsuitLiaisonOutingRedJumpsuit,Equipment/garrison_worn_equipment.yml,True,512,512,512,512,512,512,1,retained equipment draft,,
CMU3DWornCMJumpsuitLiaisonSuspendersJumpsuit,Equipment/garrison_worn_equipment.yml,True,443,443,443,443,443,443,1,retained equipment draft,,
CMU3DWornCMJumpsuitMPJumpsuit,Equipment/garrison_worn_equipment.yml,True,488,488,488,488,488,488,1,retained equipment draft,,
CMU3DWornCMJumpsuitMaintTechJumpsuit,Equipment/garrison_worn_equipment.yml,True,508,508,508,508,508,508,1,retained equipment draft,,
CMU3DWornCMJumpsuitOrdnanceTechJumpsuit,Equipment/garrison_worn_equipment.yml,True,500,500,500,500,500,500,1,retained equipment draft,,
CMU3DWornCMJumpsuitProvostAgentJumpsuit,Equipment/garrison_worn_equipment.yml,True,406,406,406,406,406,406,1,retained equipment draft,,
CMU3DWornCMJumpsuitProvostCIJumpsuit,Equipment/garrison_worn_equipment.yml,True,403,403,403,403,403,403,1,retained equipment draft,,
CMU3DWornCMJumpsuitProvostJumpsuit,Equipment/garrison_worn_equipment.yml,True,403,403,403,403,403,403,1,retained equipment draft,,
CMU3DWornCMJumpsuitProvostMarshalJumpsuit,Equipment/garrison_worn_equipment.yml,True,391,391,391,391,391,391,1,retained equipment draft,,
CMU3DWornCMJumpsuitProvostSeniorJumpsuit,Equipment/garrison_worn_equipment.yml,True,404,404,404,404,404,404,1,retained equipment draft,,
CMU3DWornCMJumpsuitResearchJumpsuit,Equipment/garrison_worn_equipment.yml,True,434,434,434,434,434,434,1,retained equipment draft,,
CMU3DWornCMJumpsuitSPPCiv4Jumpsuit,Equipment/garrison_worn_equipment.yml,True,481,481,481,481,481,481,1,retained equipment draft,,
CMU3DWornCMJumpsuitSPPEngiJumpsuit,Equipment/garrison_worn_equipment.yml,True,502,502,502,502,502,502,1,retained equipment draft,,
CMU3DWornCMJumpsuitSPPJumpsuit,Equipment/garrison_worn_equipment.yml,True,512,512,512,512,512,512,1,retained equipment draft,,
CMU3DWornCMJumpsuitSPPMedicJumpsuit,Equipment/garrison_worn_equipment.yml,True,501,501,501,501,501,501,1,retained equipment draft,,
CMU3DWornCMJumpsuitSyntheticOutdatedJumpsuit,Equipment/garrison_worn_equipment.yml,True,498,498,498,498,498,498,1,retained equipment draft,,
CMU3DWornCMJumpsuitSyntheticPristineJumpsuit,Equipment/garrison_worn_equipment.yml,True,504,504,504,504,504,504,1,retained equipment draft,,
CMU3DWornCMJumpsuitTShirtGrayJumpsuit,Equipment/garrison_worn_equipment.yml,True,367,367,367,367,367,367,1,retained equipment draft,,
CMU3DWornCMJumpsuitTShirtWhiteJumpsuit,Equipment/garrison_worn_equipment.yml,True,397,397,397,397,397,397,1,retained equipment draft,,
CMU3DWornCMJumpsuitWOJumpsuit,Equipment/garrison_worn_equipment.yml,True,490,490,490,490,490,490,1,retained equipment draft,,
CMU3DWornCMJumpsuitXOFormalJumpsuit,Equipment/garrison_worn_equipment.yml,True,480,480,480,480,480,480,1,retained equipment draft,,
CMU3DWornCMMaskCoifMask,Equipment/garrison_worn_equipment.yml,True,161,161,161,161,161,161,1,retained equipment draft,,
CMU3DWornCMMaskGasMask,Equipment/garrison_worn_equipment.yml,True,8,8,8,8,8,8,1,retained equipment draft,,
CMU3DWornCMMaskSterileMask,Equipment/garrison_worn_equipment.yml,True,35,35,35,35,35,35,1,retained equipment draft,,
CMU3DWornCMSatchelBack,Equipment/garrison_worn_equipment.yml,True,18,18,18,18,18,18,1,retained equipment draft,,
CMU3DWornCMSatchelEngineerBack,Equipment/garrison_worn_equipment.yml,True,156,156,156,156,156,156,1,retained equipment draft,,
CMU3DWornCMSatchelMarineTechBack,Equipment/garrison_worn_equipment.yml,True,80,80,80,80,80,80,1,retained equipment draft,,
CMU3DWornCMSatchelMedicalBack,Equipment/garrison_worn_equipment.yml,True,155,155,155,155,155,155,1,retained equipment draft,,
CMU3DWornCMSatchelSecurityBack,Equipment/garrison_worn_equipment.yml,True,143,143,143,143,143,143,1,retained equipment draft,,
CMU3DWornCMScrubsBlueJumpsuit,Equipment/garrison_worn_equipment.yml,True,342,342,342,342,342,342,1,retained equipment draft,,
CMU3DWornCMScrubsPurpleJumpsuit,Equipment/garrison_worn_equipment.yml,True,340,340,340,340,340,340,1,retained equipment draft,,
CMU3DWornCMTarbackCigarMask,Equipment/garrison_worn_equipment.yml,True,7,7,7,7,7,7,1,retained equipment draft,,
CMU3DWornCMU14ProdigyCapGreyHead,Equipment/garrison_worn_equipment.yml,True,107,107,107,107,107,107,1,retained equipment draft,,
CMU3DWornCMU14ProdigyJumpsuitGreyJumpsuit,Equipment/garrison_worn_equipment.yml,True,505,505,505,505,505,505,1,retained equipment draft,,
CMU3DWornCMU14ProdigySuitBlackJumpsuit,Equipment/garrison_worn_equipment.yml,True,420,420,420,420,420,420,1,retained equipment draft,,
CMU3DWornCMUArmorProdigyFlakVestAltOuterClothing,Equipment/garrison_worn_equipment.yml,True,317,317,317,317,317,317,1,retained equipment draft,,
CMU3DWornCMUArmorProdigyFlakVestMedicalOuterClothing,Equipment/garrison_worn_equipment.yml,True,326,326,326,326,326,326,1,retained equipment draft,,
CMU3DWornCMUArmorProdigyFlakVestOuterClothing,Equipment/garrison_worn_equipment.yml,True,337,337,337,337,337,337,1,retained equipment draft,,
CMU3DWornCMUArmorRaiderXM40OuterClothing,Equipment/garrison_worn_equipment.yml,True,464,464,464,464,464,464,1,retained equipment draft,,
CMU3DWornCMUDroneOperatorChoicePackFilledBack,Equipment/garrison_worn_equipment.yml,True,227,227,227,227,227,227,1,retained equipment draft,,
CMU3DWornCMUHelmetBoneTribalHead,Equipment/garrison_worn_equipment.yml,True,100,100,100,100,100,100,1,retained equipment draft,,
CMU3DWornCMUIDCardProvostAdvisorId,Equipment/garrison_worn_equipment.yml,True,8,8,8,8,8,8,1,retained equipment draft,,
CMU3DWornCMUIDCardRaiderId,Equipment/garrison_worn_equipment.yml,True,8,8,8,8,8,8,1,retained equipment draft,,
CMU3DWornCMUJumpsuitRaiderWebbingBuckshotJumpsuit,Equipment/garrison_worn_equipment.yml,True,486,486,486,486,486,486,1,retained equipment draft,,
CMU3DWornCMUYautjaBadBloodArmorBaneOuterClothing,Equipment/garrison_worn_equipment.yml,True,161,161,161,161,161,161,1,retained equipment draft,,
CMU3DWornCMUYautjaBadBloodArmorCommandoAltOuterClothing,Equipment/garrison_worn_equipment.yml,True,473,473,473,473,473,473,1,retained equipment draft,,
CMU3DWornCMUYautjaBadBloodArmorLunaticOuterClothing,Equipment/garrison_worn_equipment.yml,True,435,435,435,435,435,435,1,retained equipment draft,,
CMU3DWornCMUYautjaBadBloodArmorScavengerAltOuterClothing,Equipment/garrison_worn_equipment.yml,True,242,242,242,242,242,242,1,retained equipment draft,,
CMU3DWornCMUYautjaBadBloodBracerGloves,Equipment/garrison_worn_equipment.yml,True,37,37,37,37,37,37,1,retained equipment draft,,
CMU3DWornCMUYautjaBadBloodCloakPackBack,Equipment/garrison_worn_equipment.yml,True,496,496,496,496,496,496,1,retained equipment draft,,
CMU3DWornCMUYautjaBadBloodGreavesBaneShoes,Equipment/garrison_worn_equipment.yml,True,203,203,203,203,203,203,1,retained equipment draft,,
CMU3DWornCMUYautjaBadBloodGreavesCommandoAltShoes,Equipment/garrison_worn_equipment.yml,True,95,95,95,95,95,95,1,retained equipment draft,,
CMU3DWornCMUYautjaBadBloodGreavesLunaticShoes,Equipment/garrison_worn_equipment.yml,True,209,209,209,209,209,209,1,retained equipment draft,,
CMU3DWornCMUYautjaBadBloodGreavesScavengerAltShoes,Equipment/garrison_worn_equipment.yml,True,184,184,184,184,184,184,1,retained equipment draft,,
CMU3DWornCMUYautjaClanArmor2OuterClothing,Equipment/garrison_worn_equipment.yml,True,259,259,259,259,259,259,1,retained equipment draft,,
CMU3DWornCMUYautjaClanArmor3OuterClothing,Equipment/garrison_worn_equipment.yml,True,111,111,111,111,111,111,1,retained equipment draft,,
CMU3DWornCMUYautjaClanArmor4OuterClothing,Equipment/garrison_worn_equipment.yml,True,222,222,222,222,222,222,1,retained equipment draft,,
CMU3DWornCMUYautjaClanArmor5OuterClothing,Equipment/garrison_worn_equipment.yml,True,288,288,288,288,288,288,1,retained equipment draft,,
CMU3DWornCMUYautjaClanArmor6OuterClothing,Equipment/garrison_worn_equipment.yml,True,300,300,300,300,300,300,1,retained equipment draft,,
CMU3DWornCMUYautjaClanArmor7OuterClothing,Equipment/garrison_worn_equipment.yml,True,195,195,195,195,195,195,1,retained equipment draft,,
CMU3DWornCMUYautjaClanArmorBoneOuterClothing,Equipment/garrison_worn_equipment.yml,True,207,207,207,207,207,207,1,retained equipment draft,,
CMU3DWornCMUYautjaClanArmorBronzeOuterClothing,Equipment/garrison_worn_equipment.yml,True,134,134,134,134,134,134,1,retained equipment draft,,
CMU3DWornCMUYautjaClanArmorCrimsonOuterClothing,Equipment/garrison_worn_equipment.yml,True,132,132,132,132,132,132,1,retained equipment draft,,
CMU3DWornCMUYautjaClanArmorOuterClothing,Equipment/garrison_worn_equipment.yml,True,128,128,128,128,128,128,1,retained equipment draft,,
CMU3DWornCMUYautjaClanArmorSilverOuterClothing,Equipment/garrison_worn_equipment.yml,True,134,134,134,134,134,134,1,retained equipment draft,,
CMU3DWornCMUYautjaClanGreaves2Shoes,Equipment/garrison_worn_equipment.yml,True,202,202,202,202,202,202,1,retained equipment draft,,
CMU3DWornCMUYautjaClanGreaves3Shoes,Equipment/garrison_worn_equipment.yml,True,129,129,129,129,129,129,1,retained equipment draft,,
CMU3DWornCMUYautjaClanGreaves4Shoes,Equipment/garrison_worn_equipment.yml,True,66,66,66,66,66,66,1,retained equipment draft,,
CMU3DWornCMUYautjaClanGreavesShoes,Equipment/garrison_worn_equipment.yml,True,101,101,101,101,101,101,1,retained equipment draft,,
CMU3DWornCMUYautjaCloakPackBack,Equipment/garrison_worn_equipment.yml,True,359,359,359,359,359,359,1,retained equipment draft,,
CMU3DWornCMUYautjaCommunicatorEars,Equipment/garrison_worn_equipment.yml,True,4,4,4,4,4,4,1,retained equipment draft,,
CMU3DWornCMUYautjaHuntingPouchBelt,Equipment/garrison_worn_equipment.yml,True,52,52,52,52,52,52,1,retained equipment draft,,
CMU3DWornCMUYautjaMaskBadBloodBaneMask,Equipment/garrison_worn_equipment.yml,True,79,79,79,79,79,79,1,retained equipment draft,,
CMU3DWornCMUYautjaMaskBadBloodCommandoAltMask,Equipment/garrison_worn_equipment.yml,True,160,160,160,160,160,160,1,retained equipment draft,,
CMU3DWornCMUYautjaMaskBadBloodCommandoMask,Equipment/garrison_worn_equipment.yml,True,152,152,152,152,152,152,1,retained equipment draft,,
CMU3DWornCMUYautjaMaskBadBloodLunaticMask,Equipment/garrison_worn_equipment.yml,True,250,250,250,250,250,250,1,retained equipment draft,,
CMU3DWornCMUYautjaMaskBadBloodVenatorMask,Equipment/garrison_worn_equipment.yml,True,225,225,225,225,225,225,1,retained equipment draft,,
CMU3DWornCMUYautjaMaskMask,Equipment/garrison_worn_equipment.yml,True,155,155,155,155,155,155,1,retained equipment draft,,
CMU3DWornCMUYautjaMaskPred01CrimsonMask,Equipment/garrison_worn_equipment.yml,True,161,161,161,161,161,161,1,retained equipment draft,,
CMU3DWornCMUYautjaMaskPred02CrimsonMask,Equipment/garrison_worn_equipment.yml,True,216,216,216,216,216,216,1,retained equipment draft,,
CMU3DWornCMUYautjaMaskPred03CrimsonMask,Equipment/garrison_worn_equipment.yml,True,180,180,180,180,180,180,1,retained equipment draft,,
CMU3DWornCMUYautjaMaskPred04CrimsonMask,Equipment/garrison_worn_equipment.yml,True,172,172,172,172,172,172,1,retained equipment draft,,
CMU3DWornCMUYautjaMaskPred05CrimsonMask,Equipment/garrison_worn_equipment.yml,True,158,158,158,158,158,158,1,retained equipment draft,,
CMU3DWornCMUYautjaMaskPred06CrimsonMask,Equipment/garrison_worn_equipment.yml,True,145,145,145,145,145,145,1,retained equipment draft,,
CMU3DWornCMUYautjaMaskPred07CrimsonMask,Equipment/garrison_worn_equipment.yml,True,147,147,147,147,147,147,1,retained equipment draft,,
CMU3DWornCMUYautjaMaskPred08CrimsonMask,Equipment/garrison_worn_equipment.yml,True,143,143,143,143,143,143,1,retained equipment draft,,
CMU3DWornCMUYautjaMaskPred09CrimsonMask,Equipment/garrison_worn_equipment.yml,True,147,147,147,147,147,147,1,retained equipment draft,,
CMU3DWornCMUYautjaMaskPred10CrimsonMask,Equipment/garrison_worn_equipment.yml,True,151,151,151,151,151,151,1,retained equipment draft,,
CMU3DWornCMUYautjaMaskPred11CrimsonMask,Equipment/garrison_worn_equipment.yml,True,163,163,163,163,163,163,1,retained equipment draft,,
CMU3DWornCMUYautjaMaskPred12CrimsonMask,Equipment/garrison_worn_equipment.yml,True,70,70,70,70,70,70,1,retained equipment draft,,
CMU3DWornCMUYautjaMaskPred13CrimsonMask,Equipment/garrison_worn_equipment.yml,True,172,172,172,172,172,172,1,retained equipment draft,,
CMU3DWornCMUYautjaMaskPred14CrimsonMask,Equipment/garrison_worn_equipment.yml,True,167,167,167,167,167,167,1,retained equipment draft,,
CMU3DWornCMUYautjaMaskPred15CrimsonMask,Equipment/garrison_worn_equipment.yml,True,156,156,156,156,156,156,1,retained equipment draft,,
CMU3DWornCMUYautjaMaskPred16CrimsonMask,Equipment/garrison_worn_equipment.yml,True,171,171,171,171,171,171,1,retained equipment draft,,
CMU3DWornCMUYautjaMaskPred17CrimsonMask,Equipment/garrison_worn_equipment.yml,True,161,161,161,161,161,161,1,retained equipment draft,,
CMU3DWornCMUYautjaMaskPred18CrimsonMask,Equipment/garrison_worn_equipment.yml,True,187,187,187,187,187,187,1,retained equipment draft,,
CMU3DWornCMUYautjaMaskPred19CrimsonMask,Equipment/garrison_worn_equipment.yml,True,174,174,174,174,174,174,1,retained equipment draft,,
CMU3DWornCMUYautjaMaskPred20CrimsonMask,Equipment/garrison_worn_equipment.yml,True,164,164,164,164,164,164,1,retained equipment draft,,
CMU3DWornCigarMask,Equipment/garrison_worn_equipment.yml,True,4,4,4,4,4,4,1,retained equipment draft,,
CMU3DWornClothingBackpackSatchelLeatherBack,Equipment/garrison_worn_equipment.yml,True,35,35,35,35,35,35,1,retained equipment draft,,
CMU3DWornClothingBeltQuiverBelt,Equipment/garrison_worn_equipment.yml,True,65,65,65,65,65,65,1,retained equipment draft,,
CMU3DWornClothingEyesGlassesCheapSunglassesEyes,Equipment/garrison_worn_equipment.yml,True,16,16,16,16,16,16,1,retained equipment draft,,
CMU3DWornClothingHandsGlovesNitrileGloves,Equipment/garrison_worn_equipment.yml,True,71,71,71,71,71,71,1,retained equipment draft,,
CMU3DWornClothingHeadHatHoodCulthoodHead,Equipment/garrison_worn_equipment.yml,True,139,139,139,139,139,139,1,retained equipment draft,,
CMU3DWornClothingNeckStethoscopeNeck,Equipment/garrison_worn_equipment.yml,True,24,24,24,24,24,24,1,retained equipment draft,,
CMU3DWornClothingOuterRobesCultOuterClothing,Equipment/garrison_worn_equipment.yml,True,401,401,401,401,401,401,1,retained equipment draft,,
CMU3DWornClothingShoesColorRedShoes,Equipment/garrison_worn_equipment.yml,True,62,62,62,62,62,62,1,retained equipment draft,,
CMU3DWornClothingShoesColorWhiteShoes,Equipment/garrison_worn_equipment.yml,True,62,62,62,62,62,62,1,retained equipment draft,,
CMU3DWornClothingUniformJumpsuitColorBrownJumpsuit,Equipment/garrison_worn_equipment.yml,True,425,425,425,425,425,425,1,retained equipment draft,,
CMU3DWornJointMask,Equipment/garrison_worn_equipment.yml,True,1,1,1,1,1,1,1,retained equipment draft,,
CMU3DWornRMCArmorCapProvostHead,Equipment/garrison_worn_equipment.yml,True,191,191,191,191,191,191,1,retained equipment draft,,
CMU3DWornRMCArmorHelmetM10CMBVisorSWATHead,Equipment/garrison_worn_equipment.yml,True,178,178,178,178,178,178,1,retained equipment draft,,
CMU3DWornRMCArmorHelmetPMCBlackHead,Equipment/garrison_worn_equipment.yml,True,132,132,132,132,132,132,1,retained equipment draft,,
CMU3DWornRMCArmorHelmetPMCCorporateHybrisaHead,Equipment/garrison_worn_equipment.yml,True,183,183,183,183,183,183,1,retained equipment draft,,
CMU3DWornRMCArmorHelmetPMCDarkHead,Equipment/garrison_worn_equipment.yml,True,94,94,94,94,94,94,1,retained equipment draft,,
CMU3DWornRMCArmorHelmetPMCKutjevoSecurityHead,Equipment/garrison_worn_equipment.yml,True,134,134,134,134,134,134,1,retained equipment draft,,
CMU3DWornRMCArmorHelmetSPPFirefighterHead,Equipment/garrison_worn_equipment.yml,True,267,267,267,267,267,267,1,retained equipment draft,,
CMU3DWornRMCArmorM3GeneralOuterClothing,Equipment/garrison_worn_equipment.yml,True,464,464,464,464,464,464,1,retained equipment draft,,
CMU3DWornRMCArmorM4RMediumOuterClothing,Equipment/garrison_worn_equipment.yml,True,512,512,512,512,512,512,1,retained equipment draft,,
CMU3DWornRMCArmorPMCDirectorOuterClothing,Equipment/garrison_worn_equipment.yml,True,318,318,318,318,318,318,1,retained equipment draft,,
CMU3DWornRMCArmorPMCRiotOuterClothing,Equipment/garrison_worn_equipment.yml,True,282,282,282,282,282,282,1,retained equipment draft,,
CMU3DWornRMCArmorParaSynthVestFillOuterClothing,Equipment/garrison_worn_equipment.yml,True,310,310,310,310,310,310,1,retained equipment draft,,
CMU3DWornRMCArmorProvostAgentOuterClothing,Equipment/garrison_worn_equipment.yml,True,281,281,281,281,281,281,1,retained equipment draft,,
CMU3DWornRMCArmorProvostFlexiOuterClothing,Equipment/garrison_worn_equipment.yml,True,400,400,400,400,400,400,1,retained equipment draft,,
CMU3DWornRMCArmorProvostLightOuterClothing,Equipment/garrison_worn_equipment.yml,True,480,480,480,480,480,480,1,retained equipment draft,,
CMU3DWornRMCArmorProvostMarshalOuterClothing,Equipment/garrison_worn_equipment.yml,True,283,283,283,283,283,283,1,retained equipment draft,,
CMU3DWornRMCArmorProvostOuterClothing,Equipment/garrison_worn_equipment.yml,True,470,470,470,470,470,470,1,retained equipment draft,,
CMU3DWornRMCArmorProvostSeniorFilledOuterClothing,Equipment/garrison_worn_equipment.yml,True,498,498,498,498,498,498,1,retained equipment draft,,
CMU3DWornRMCArmorSPPCommandoOuterClothing,Equipment/garrison_worn_equipment.yml,True,409,409,409,409,409,409,1,retained equipment draft,,
CMU3DWornRMCArmorSPPFirefighterOuterClothing,Equipment/garrison_worn_equipment.yml,True,506,506,506,506,506,506,1,retained equipment draft,,
CMU3DWornRMCArmorSPPHeavySpecialistOuterClothing,Equipment/garrison_worn_equipment.yml,True,510,510,510,510,510,510,1,retained equipment draft,,
CMU3DWornRMCArmorSPPRiflemanOuterClothing,Equipment/garrison_worn_equipment.yml,True,353,353,353,353,353,353,1,retained equipment draft,,
CMU3DWornRMCArmorSPPSupportOuterClothing,Equipment/garrison_worn_equipment.yml,True,312,312,312,312,312,312,1,retained equipment draft,,
CMU3DWornRMCArmorVestOuterClothing,Equipment/garrison_worn_equipment.yml,True,163,163,163,163,163,163,1,retained equipment draft,,
CMU3DWornRMCArmorVestTSEPAOuterClothing,Equipment/garrison_worn_equipment.yml,True,172,172,172,172,172,172,1,retained equipment draft,,
CMU3DWornRMCBackpackRCMMedicPVPFilledParaMedicBack,Equipment/garrison_worn_equipment.yml,True,215,215,215,215,215,215,1,retained equipment draft,,
CMU3DWornRMCBackpackSPPCommandoBack,Equipment/garrison_worn_equipment.yml,True,344,344,344,344,344,344,1,retained equipment draft,,
CMU3DWornRMCBeltHolsterNailgunFillBelt,Equipment/garrison_worn_equipment.yml,True,53,53,53,53,53,53,1,retained equipment draft,,
CMU3DWornRMCBeltHolsterPistolParaCustomBelt,Equipment/garrison_worn_equipment.yml,True,76,76,76,76,76,76,1,retained equipment draft,,
CMU3DWornRMCBeltHolsterPistolParaCustomSuitstorage,Equipment/garrison_worn_equipment.yml,True,23,23,23,23,23,23,1,retained equipment draft,,
CMU3DWornRMCBeltHolsterPistolParaM44Belt,Equipment/garrison_worn_equipment.yml,True,76,76,76,76,76,76,1,retained equipment draft,,
CMU3DWornRMCBeltHolsterPistolParaM44Suitstorage,Equipment/garrison_worn_equipment.yml,True,21,21,21,21,21,21,1,retained equipment draft,,
CMU3DWornRMCBeltHolsterPistolSPPNPZ92Belt,Equipment/garrison_worn_equipment.yml,True,101,101,101,101,101,101,1,retained equipment draft,,
CMU3DWornRMCBeltHolsterPistolSPPNPZ92Suitstorage,Equipment/garrison_worn_equipment.yml,True,18,18,18,18,18,18,1,retained equipment draft,,
CMU3DWornRMCBeltHolsterPistolWeYaMK80FillBelt,Equipment/garrison_worn_equipment.yml,True,67,67,67,67,67,67,1,retained equipment draft,,
CMU3DWornRMCBeltHolsterPistolWeYaMK80FillSuitstorage,Equipment/garrison_worn_equipment.yml,True,67,67,67,67,67,67,1,retained equipment draft,,
CMU3DWornRMCBeltHolsterRevolverBelt,Equipment/garrison_worn_equipment.yml,True,77,77,77,77,77,77,1,retained equipment draft,,
CMU3DWornRMCBeltHolsterRevolverSpearheadFillBelt,Equipment/garrison_worn_equipment.yml,True,74,74,74,74,74,74,1,retained equipment draft,,
CMU3DWornRMCBeltHolsterRevolverSpearheadFillSuitstorage,Equipment/garrison_worn_equipment.yml,True,18,18,18,18,18,18,1,retained equipment draft,,
CMU3DWornRMCBeltHolsterRevolverSuitstorage,Equipment/garrison_worn_equipment.yml,True,18,18,18,18,18,18,1,retained equipment draft,,
CMU3DWornRMCBeltMedicBagPMCFilledBelt,Equipment/garrison_worn_equipment.yml,True,81,81,81,81,81,81,1,retained equipment draft,,
CMU3DWornRMCBeltPMCFilledCommandoBelt,Equipment/garrison_worn_equipment.yml,True,53,53,53,53,53,53,1,retained equipment draft,,
CMU3DWornRMCBeltSmartGunOperatorPistolPMCFilledBelt,Equipment/garrison_worn_equipment.yml,True,39,39,39,39,39,39,1,retained equipment draft,,
CMU3DWornRMCBoonieHead,Equipment/garrison_worn_equipment.yml,True,127,127,127,127,127,127,1,retained equipment draft,,
CMU3DWornRMCBoonieTanHead,Equipment/garrison_worn_equipment.yml,True,133,133,133,133,133,133,1,retained equipment draft,,
CMU3DWornRMCBootsPMCShoes,Equipment/garrison_worn_equipment.yml,True,88,88,88,88,88,88,1,retained equipment draft,,
CMU3DWornRMCBootsRoyalFilledShoes,Equipment/garrison_worn_equipment.yml,True,123,123,123,123,123,123,1,retained equipment draft,,
CMU3DWornRMCBrownWEYACoatOuterClothing,Equipment/garrison_worn_equipment.yml,True,274,274,274,274,274,274,1,retained equipment draft,,
CMU3DWornRMCCigaretteMask,Equipment/garrison_worn_equipment.yml,True,4,4,4,4,4,4,1,retained equipment draft,,
CMU3DWornRMCClothingHolidayRobesOuterClothing,Equipment/garrison_worn_equipment.yml,True,509,509,509,509,509,509,1,retained equipment draft,,
CMU3DWornRMCCoatASOBlackAltOuterClothing,Equipment/garrison_worn_equipment.yml,True,377,377,377,377,377,377,1,retained equipment draft,,
CMU3DWornRMCCoatASOBlackOuterClothing,Equipment/garrison_worn_equipment.yml,True,203,203,203,203,203,203,1,retained equipment draft,,
CMU3DWornRMCCoatASOWhiteAltOuterClothing,Equipment/garrison_worn_equipment.yml,True,438,438,438,438,438,438,1,retained equipment draft,,
CMU3DWornRMCCoatASOWhiteOuterClothing,Equipment/garrison_worn_equipment.yml,True,204,204,204,204,204,204,1,retained equipment draft,,
CMU3DWornRMCCoatBomberOuterClothing,Equipment/garrison_worn_equipment.yml,True,344,344,344,344,344,344,1,retained equipment draft,,
CMU3DWornRMCCoatJacketGeneralFilledOuterClothing,Equipment/garrison_worn_equipment.yml,True,440,440,440,440,440,440,1,retained equipment draft,,
CMU3DWornRMCCoatKommissarShortBlackOuterClothing,Equipment/garrison_worn_equipment.yml,True,411,411,411,411,411,411,1,retained equipment draft,,
CMU3DWornRMCCoatMilitiaOuterClothing,Equipment/garrison_worn_equipment.yml,True,324,324,324,324,324,324,1,retained equipment draft,,
CMU3DWornRMCCoatOfficerShortWhiteOuterClothing,Equipment/garrison_worn_equipment.yml,True,411,411,411,411,411,411,1,retained equipment draft,,
CMU3DWornRMCCoatPaPOuterClothing,Equipment/garrison_worn_equipment.yml,True,387,387,387,387,387,387,1,retained equipment draft,,
CMU3DWornRMCCoatSPPOuterClothing,Equipment/garrison_worn_equipment.yml,True,394,394,394,394,394,394,1,retained equipment draft,,
CMU3DWornRMCCoatServiceOuterClothing,Equipment/garrison_worn_equipment.yml,True,431,431,431,431,431,431,1,retained equipment draft,,
CMU3DWornRMCCoatSnowSurvivorCMBDeputyOuterClothing,Equipment/garrison_worn_equipment.yml,True,448,448,448,448,448,448,1,retained equipment draft,,
CMU3DWornRMCCoatTSEPAHighVisVestOuterClothing,Equipment/garrison_worn_equipment.yml,True,177,177,177,177,177,177,1,retained equipment draft,,
CMU3DWornRMCCoatTSEPAOuterClothing,Equipment/garrison_worn_equipment.yml,True,357,357,357,357,357,357,1,retained equipment draft,,
CMU3DWornRMCCoatWeYaPilotOuterClothing,Equipment/garrison_worn_equipment.yml,True,366,366,366,366,366,366,1,retained equipment draft,,
CMU3DWornRMCEarmuffsEars,Equipment/garrison_worn_equipment.yml,True,38,38,38,38,38,38,1,retained equipment draft,,
CMU3DWornRMCEyepatchEyes,Equipment/garrison_worn_equipment.yml,True,18,18,18,18,18,18,1,retained equipment draft,,
CMU3DWornRMCEyepatchMask,Equipment/garrison_worn_equipment.yml,True,18,18,18,18,18,18,1,retained equipment draft,,
CMU3DWornRMCFancySuitJacketBlackOuterClothing,Equipment/garrison_worn_equipment.yml,True,355,355,355,355,355,355,1,retained equipment draft,,
CMU3DWornRMCFancySuitJacketBrownOuterClothing,Equipment/garrison_worn_equipment.yml,True,351,351,351,351,351,351,1,retained equipment draft,,
CMU3DWornRMCFancySuitJacketLightBrownOuterClothing,Equipment/garrison_worn_equipment.yml,True,351,351,351,351,351,351,1,retained equipment draft,,
CMU3DWornRMCGlassesAviatorsEyes,Equipment/garrison_worn_equipment.yml,True,36,36,36,36,36,36,1,retained equipment draft,,
CMU3DWornRMCGlassesAviatorsMask,Equipment/garrison_worn_equipment.yml,True,36,36,36,36,36,36,1,retained equipment draft,,
CMU3DWornRMCGlassesAviatorsSilverEyes,Equipment/garrison_worn_equipment.yml,True,36,36,36,36,36,36,1,retained equipment draft,,
CMU3DWornRMCGlassesAviatorsSilverMask,Equipment/garrison_worn_equipment.yml,True,36,36,36,36,36,36,1,retained equipment draft,,
CMU3DWornRMCGlassesHUDSecurityEyes,Equipment/garrison_worn_equipment.yml,True,32,32,32,32,32,32,1,retained equipment draft,,
CMU3DWornRMCGlassesM4SPRBattleSightEyes,Equipment/garrison_worn_equipment.yml,True,14,14,14,14,14,14,1,retained equipment draft,,
CMU3DWornRMCGlassesMarineRpgEyes,Equipment/garrison_worn_equipment.yml,True,34,34,34,34,34,34,1,retained equipment draft,,
CMU3DWornRMCGlassesMarineRpgMask,Equipment/garrison_worn_equipment.yml,True,34,34,34,34,34,34,1,retained equipment draft,,
CMU3DWornRMCGlassesMarineRpgOldEyes,Equipment/garrison_worn_equipment.yml,True,25,25,25,25,25,25,1,retained equipment draft,,
CMU3DWornRMCGlassesMarineRpgOldMask,Equipment/garrison_worn_equipment.yml,True,25,25,25,25,25,25,1,retained equipment draft,,
CMU3DWornRMCGlassesMedicalHUDGlassesEyes,Equipment/garrison_worn_equipment.yml,True,32,32,32,32,32,32,1,retained equipment draft,,
CMU3DWornRMCGlassesReagentHUDGlassesEyes,Equipment/garrison_worn_equipment.yml,True,28,28,28,28,28,28,1,retained equipment draft,,
CMU3DWornRMCGlassesSecurityBlueEyes,Equipment/garrison_worn_equipment.yml,True,33,33,33,33,33,33,1,retained equipment draft,,
CMU3DWornRMCGlassesTriMaxBlackEyes,Equipment/garrison_worn_equipment.yml,True,34,34,34,34,34,34,1,retained equipment draft,,
CMU3DWornRMCGlassesTriMaxBlackMask,Equipment/garrison_worn_equipment.yml,True,34,34,34,34,34,34,1,retained equipment draft,,
CMU3DWornRMCGlassesTriMaxBronzeEyes,Equipment/garrison_worn_equipment.yml,True,33,33,33,33,33,33,1,retained equipment draft,,
CMU3DWornRMCGlassesTriMaxBronzeMask,Equipment/garrison_worn_equipment.yml,True,33,33,33,33,33,33,1,retained equipment draft,,
CMU3DWornRMCGlassesTriMaxYellowEyes,Equipment/garrison_worn_equipment.yml,True,33,33,33,33,33,33,1,retained equipment draft,,
CMU3DWornRMCGlassesTriMaxYellowMask,Equipment/garrison_worn_equipment.yml,True,33,33,33,33,33,33,1,retained equipment draft,,
CMU3DWornRMCGogglesBallisticBlackEyes,Equipment/garrison_worn_equipment.yml,True,51,51,51,51,51,51,1,retained equipment draft,,
CMU3DWornRMCGogglesBallisticBlackMask,Equipment/garrison_worn_equipment.yml,True,51,51,51,51,51,51,1,retained equipment draft,,
CMU3DWornRMCGogglesBallisticBlueEyes,Equipment/garrison_worn_equipment.yml,True,42,42,42,42,42,42,1,retained equipment draft,,
CMU3DWornRMCGogglesBallisticBlueMask,Equipment/garrison_worn_equipment.yml,True,42,42,42,42,42,42,1,retained equipment draft,,
CMU3DWornRMCGogglesBallisticEyes,Equipment/garrison_worn_equipment.yml,True,46,46,46,46,46,46,1,retained equipment draft,,
CMU3DWornRMCGogglesBallisticMask,Equipment/garrison_worn_equipment.yml,True,46,46,46,46,46,46,1,retained equipment draft,,
CMU3DWornRMCGogglesBallisticOrangeEyes,Equipment/garrison_worn_equipment.yml,True,50,50,50,50,50,50,1,retained equipment draft,,
CMU3DWornRMCGogglesBallisticOrangeMask,Equipment/garrison_worn_equipment.yml,True,50,50,50,50,50,50,1,retained equipment draft,,
CMU3DWornRMCGogglesBallisticPolarizedBlueEyes,Equipment/garrison_worn_equipment.yml,True,57,57,57,57,57,57,1,retained equipment draft,,
CMU3DWornRMCGogglesBallisticPolarizedBlueMask,Equipment/garrison_worn_equipment.yml,True,57,57,57,57,57,57,1,retained equipment draft,,
CMU3DWornRMCGogglesBallisticPolarizedOrangeEyes,Equipment/garrison_worn_equipment.yml,True,56,56,56,56,56,56,1,retained equipment draft,,
CMU3DWornRMCGogglesBallisticPolarizedOrangeMask,Equipment/garrison_worn_equipment.yml,True,56,56,56,56,56,56,1,retained equipment draft,,
CMU3DWornRMCGogglesBallisticPurpleEyes,Equipment/garrison_worn_equipment.yml,True,42,42,42,42,42,42,1,retained equipment draft,,
CMU3DWornRMCGogglesBallisticPurpleMask,Equipment/garrison_worn_equipment.yml,True,42,42,42,42,42,42,1,retained equipment draft,,
CMU3DWornRMCGogglesBallisticRedEyes,Equipment/garrison_worn_equipment.yml,True,42,42,42,42,42,42,1,retained equipment draft,,
CMU3DWornRMCGogglesBallisticRedMask,Equipment/garrison_worn_equipment.yml,True,42,42,42,42,42,42,1,retained equipment draft,,
CMU3DWornRMCGogglesBallisticSquadEyes,Equipment/garrison_worn_equipment.yml,True,25,25,25,25,25,25,1,retained equipment draft,,
CMU3DWornRMCGogglesBallisticYellowEyes,Equipment/garrison_worn_equipment.yml,True,42,42,42,42,42,42,1,retained equipment draft,,
CMU3DWornRMCGogglesBallisticYellowMask,Equipment/garrison_worn_equipment.yml,True,42,42,42,42,42,42,1,retained equipment draft,,
CMU3DWornRMCGogglesKutjevoEyes,Equipment/garrison_worn_equipment.yml,True,36,36,36,36,36,36,1,retained equipment draft,,
CMU3DWornRMCGogglesKutjevoMask,Equipment/garrison_worn_equipment.yml,True,36,36,36,36,36,36,1,retained equipment draft,,
CMU3DWornRMCGogglesM1A1BallisticBlueEyes,Equipment/garrison_worn_equipment.yml,True,56,56,56,56,56,56,1,retained equipment draft,,
CMU3DWornRMCGogglesM1A1BallisticBlueMask,Equipment/garrison_worn_equipment.yml,True,56,56,56,56,56,56,1,retained equipment draft,,
CMU3DWornRMCGogglesM1A1BallisticEyes,Equipment/garrison_worn_equipment.yml,True,19,19,19,19,19,19,1,retained equipment draft,,
CMU3DWornRMCGogglesM1A1BallisticMask,Equipment/garrison_worn_equipment.yml,True,19,19,19,19,19,19,1,retained equipment draft,,
CMU3DWornRMCHandsDeluxeMarineGloves,Equipment/garrison_worn_equipment.yml,True,68,68,68,68,68,68,1,retained equipment draft,,
CMU3DWornRMCHandsVeteranCBRNGloves,Equipment/garrison_worn_equipment.yml,True,90,90,90,90,90,90,1,retained equipment draft,,
CMU3DWornRMCHandsVeteranGloves,Equipment/garrison_worn_equipment.yml,True,65,65,65,65,65,65,1,retained equipment draft,,
CMU3DWornRMCHandsVeteranRoyalMarineGloves,Equipment/garrison_worn_equipment.yml,True,81,81,81,81,81,81,1,retained equipment draft,,
CMU3DWornRMCHardHatHead,Equipment/garrison_worn_equipment.yml,True,179,179,179,179,179,179,1,retained equipment draft,,
CMU3DWornRMCHardhatBlueHead,Equipment/garrison_worn_equipment.yml,True,179,179,179,179,179,179,1,retained equipment draft,,
CMU3DWornRMCHardhatOrangeHead,Equipment/garrison_worn_equipment.yml,True,179,179,179,179,179,179,1,retained equipment draft,,
CMU3DWornRMCHardhatRedHead,Equipment/garrison_worn_equipment.yml,True,284,284,284,284,284,284,1,retained equipment draft,,
CMU3DWornRMCHardhatWhiteHead,Equipment/garrison_worn_equipment.yml,True,179,179,179,179,179,179,1,retained equipment draft,,
CMU3DWornRMCHazardVestBlackOuterClothing,Equipment/garrison_worn_equipment.yml,True,168,168,168,168,168,168,1,retained equipment draft,,
CMU3DWornRMCHazardVestBlueOuterClothing,Equipment/garrison_worn_equipment.yml,True,168,168,168,168,168,168,1,retained equipment draft,,
CMU3DWornRMCHazardVestOuterClothing,Equipment/garrison_worn_equipment.yml,True,168,168,168,168,168,168,1,retained equipment draft,,
CMU3DWornRMCHazardVestYellowOuterClothing,Equipment/garrison_worn_equipment.yml,True,189,189,189,189,189,189,1,retained equipment draft,,
CMU3DWornRMCHeadBandSquadHead,Equipment/garrison_worn_equipment.yml,True,61,61,61,61,61,61,1,retained equipment draft,,
CMU3DWornRMCHeadBeanieGrayHead,Equipment/garrison_worn_equipment.yml,True,131,131,131,131,131,131,1,retained equipment draft,,
CMU3DWornRMCHeadBeanieGreenHead,Equipment/garrison_worn_equipment.yml,True,129,129,129,129,129,129,1,retained equipment draft,,
CMU3DWornRMCHeadBeanieHead,Equipment/garrison_worn_equipment.yml,True,128,128,128,128,128,128,1,retained equipment draft,,
CMU3DWornRMCHeadBeanieTanHead,Equipment/garrison_worn_equipment.yml,True,131,131,131,131,131,131,1,retained equipment draft,,
CMU3DWornRMCHeadBeretFreelancerHead,Equipment/garrison_worn_equipment.yml,True,104,104,104,104,104,104,1,retained equipment draft,,
CMU3DWornRMCHeadBeretGeneralHead,Equipment/garrison_worn_equipment.yml,True,103,103,103,103,103,103,1,retained equipment draft,,
CMU3DWornRMCHeadBeretGreenHead,Equipment/garrison_worn_equipment.yml,True,104,104,104,104,104,104,1,retained equipment draft,,
CMU3DWornRMCHeadBeretPurpleHead,Equipment/garrison_worn_equipment.yml,True,111,111,111,111,111,111,1,retained equipment draft,,
CMU3DWornRMCHeadBeretTSEHead,Equipment/garrison_worn_equipment.yml,True,85,85,85,85,85,85,1,retained equipment draft,,
CMU3DWornRMCHeadBeretTSEPAHead,Equipment/garrison_worn_equipment.yml,True,84,84,84,84,84,84,1,retained equipment draft,,
CMU3DWornRMCHeadCapBureauHead,Equipment/garrison_worn_equipment.yml,True,99,99,99,99,99,99,1,retained equipment draft,,
CMU3DWornRMCHeadCapFlippableHead,Equipment/garrison_worn_equipment.yml,True,87,87,87,87,87,87,1,retained equipment draft,,
CMU3DWornRMCHeadCapGeneralHead,Equipment/garrison_worn_equipment.yml,True,130,130,130,130,130,130,1,retained equipment draft,,
CMU3DWornRMCHeadCapManagerHead,Equipment/garrison_worn_equipment.yml,True,93,93,93,93,93,93,1,retained equipment draft,,
CMU3DWornRMCHeadCapPeakedCMPHead,Equipment/garrison_worn_equipment.yml,True,131,131,131,131,131,131,1,retained equipment draft,,
CMU3DWornRMCHeadCapPeakedParaHead,Equipment/garrison_worn_equipment.yml,True,116,116,116,116,116,116,1,retained equipment draft,,
CMU3DWornRMCHeadCapPizzaGalaxyHead,Equipment/garrison_worn_equipment.yml,True,73,73,73,73,73,73,1,retained equipment draft,,
CMU3DWornRMCHeadCapQuartermasterHead,Equipment/garrison_worn_equipment.yml,True,129,129,129,129,129,129,1,retained equipment draft,,
CMU3DWornRMCHeadCapSPPCivilianPlantWorkerHead,Equipment/garrison_worn_equipment.yml,True,78,78,78,78,78,78,1,retained equipment draft,,
CMU3DWornRMCHeadCapSPPPolBlackHead,Equipment/garrison_worn_equipment.yml,True,126,126,126,126,126,126,1,retained equipment draft,,
CMU3DWornRMCHeadCapSPPPolKomWhiteHead,Equipment/garrison_worn_equipment.yml,True,129,129,129,129,129,129,1,retained equipment draft,,
CMU3DWornRMCHeadCapTSEPAPeakedGoldHead,Equipment/garrison_worn_equipment.yml,True,126,126,126,126,126,126,1,retained equipment draft,,
CMU3DWornRMCHeadCapTSEPAPeakedHead,Equipment/garrison_worn_equipment.yml,True,134,134,134,134,134,134,1,retained equipment draft,,
CMU3DWornRMCHeadDuragBlackHead,Equipment/garrison_worn_equipment.yml,True,109,109,109,109,109,109,1,retained equipment draft,,
CMU3DWornRMCHeadFedoraBrownHead,Equipment/garrison_worn_equipment.yml,True,104,104,104,104,104,104,1,retained equipment draft,,
CMU3DWornRMCHeadMilitiaBucketHead,Equipment/garrison_worn_equipment.yml,True,217,217,217,217,217,217,1,retained equipment draft,,
CMU3DWornRMCHeadParaBeretHead,Equipment/garrison_worn_equipment.yml,True,86,86,86,86,86,86,1,retained equipment draft,,
CMU3DWornRMCHeadParaBeretLeadHead,Equipment/garrison_worn_equipment.yml,True,126,126,126,126,126,126,1,retained equipment draft,,
CMU3DWornRMCHeadRoyalFlightHelmetHead,Equipment/garrison_worn_equipment.yml,True,335,335,335,335,335,335,1,retained equipment draft,,
CMU3DWornRMCHeadRoyalL1HelmetBallisticHead,Equipment/garrison_worn_equipment.yml,True,223,223,223,223,223,223,1,retained equipment draft,,
CMU3DWornRMCHeadUNMCHeadsetHead,Equipment/garrison_worn_equipment.yml,True,64,64,64,64,64,64,1,retained equipment draft,,
CMU3DWornRMCHeadWeYaPilotCapHead,Equipment/garrison_worn_equipment.yml,True,143,143,143,143,143,143,1,retained equipment draft,,
CMU3DWornRMCHelmetWeldingHead,Equipment/garrison_worn_equipment.yml,True,150,150,150,150,150,150,1,retained equipment draft,,
CMU3DWornRMCHippieGlassesBloodredEyes,Equipment/garrison_worn_equipment.yml,True,23,23,23,23,23,23,1,retained equipment draft,,
CMU3DWornRMCHippieGlassesBloodredMask,Equipment/garrison_worn_equipment.yml,True,23,23,23,23,23,23,1,retained equipment draft,,
CMU3DWornRMCHippieGlassesEyes,Equipment/garrison_worn_equipment.yml,True,24,24,24,24,24,24,1,retained equipment draft,,
CMU3DWornRMCHippieGlassesGreenEyes,Equipment/garrison_worn_equipment.yml,True,23,23,23,23,23,23,1,retained equipment draft,,
CMU3DWornRMCHippieGlassesGreenMask,Equipment/garrison_worn_equipment.yml,True,23,23,23,23,23,23,1,retained equipment draft,,
CMU3DWornRMCHippieGlassesMask,Equipment/garrison_worn_equipment.yml,True,24,24,24,24,24,24,1,retained equipment draft,,
CMU3DWornRMCHippieGlassesMidnightEyes,Equipment/garrison_worn_equipment.yml,True,23,23,23,23,23,23,1,retained equipment draft,,
CMU3DWornRMCHippieGlassesMidnightMask,Equipment/garrison_worn_equipment.yml,True,23,23,23,23,23,23,1,retained equipment draft,,
CMU3DWornRMCHippieGlassesNightblueEyes,Equipment/garrison_worn_equipment.yml,True,23,23,23,23,23,23,1,retained equipment draft,,
CMU3DWornRMCHippieGlassesNightblueMask,Equipment/garrison_worn_equipment.yml,True,23,23,23,23,23,23,1,retained equipment draft,,
CMU3DWornRMCHippieGlassesPinkEyes,Equipment/garrison_worn_equipment.yml,True,23,23,23,23,23,23,1,retained equipment draft,,
CMU3DWornRMCHippieGlassesPinkMask,Equipment/garrison_worn_equipment.yml,True,23,23,23,23,23,23,1,retained equipment draft,,
CMU3DWornRMCHippieGlassesSunriseEyes,Equipment/garrison_worn_equipment.yml,True,23,23,23,23,23,23,1,retained equipment draft,,
CMU3DWornRMCHippieGlassesSunriseMask,Equipment/garrison_worn_equipment.yml,True,23,23,23,23,23,23,1,retained equipment draft,,
CMU3DWornRMCHippieGlassesSunsetEyes,Equipment/garrison_worn_equipment.yml,True,23,23,23,23,23,23,1,retained equipment draft,,
CMU3DWornRMCHippieGlassesSunsetMask,Equipment/garrison_worn_equipment.yml,True,23,23,23,23,23,23,1,retained equipment draft,,
CMU3DWornRMCHipsterGlassesEyes,Equipment/garrison_worn_equipment.yml,True,25,25,25,25,25,25,1,retained equipment draft,,
CMU3DWornRMCHipsterGlassesMask,Equipment/garrison_worn_equipment.yml,True,25,25,25,25,25,25,1,retained equipment draft,,
CMU3DWornRMCHoodBioWeYaAltHead,Equipment/garrison_worn_equipment.yml,True,250,250,250,250,250,250,1,retained equipment draft,,
CMU3DWornRMCHoodBioWeYaHead,Equipment/garrison_worn_equipment.yml,True,267,267,267,267,267,267,1,retained equipment draft,,
CMU3DWornRMCJacketCorporateBlackOuterClothing,Equipment/garrison_worn_equipment.yml,True,270,270,270,270,270,270,1,retained equipment draft,,
CMU3DWornRMCJacketCorporateBlueOuterClothing,Equipment/garrison_worn_equipment.yml,True,276,276,276,276,276,276,1,retained equipment draft,,
CMU3DWornRMCJacketCorporateBrownOuterClothing,Equipment/garrison_worn_equipment.yml,True,270,270,270,270,270,270,1,retained equipment draft,,
CMU3DWornRMCJacketCorporateFormalOuterClothing,Equipment/garrison_worn_equipment.yml,True,273,273,273,273,273,273,1,retained equipment draft,,
CMU3DWornRMCJacketCorporateKhakiOuterClothing,Equipment/garrison_worn_equipment.yml,True,270,270,270,270,270,270,1,retained equipment draft,,
CMU3DWornRMCJacketCorporateManagerOuterClothing,Equipment/garrison_worn_equipment.yml,True,290,290,290,290,290,290,1,retained equipment draft,,
CMU3DWornRMCJacketParaCOJacketFilledOuterClothing,Equipment/garrison_worn_equipment.yml,True,425,425,425,425,425,425,1,retained equipment draft,,
CMU3DWornRMCJacketWindbreakerBrownOuterClothing,Equipment/garrison_worn_equipment.yml,True,348,348,348,348,348,348,1,retained equipment draft,,
CMU3DWornRMCJacketWindbreakerExpeditionOuterClothing,Equipment/garrison_worn_equipment.yml,True,368,368,368,368,368,368,1,retained equipment draft,,
CMU3DWornRMCJacketWindbreakerFirstResponderOuterClothing,Equipment/garrison_worn_equipment.yml,True,360,360,360,360,360,360,1,retained equipment draft,,
CMU3DWornRMCJacketWindbreakerGreyOuterClothing,Equipment/garrison_worn_equipment.yml,True,348,348,348,348,348,348,1,retained equipment draft,,
CMU3DWornRMCJacketWindbreakerOuterClothing,Equipment/garrison_worn_equipment.yml,True,348,348,348,348,348,348,1,retained equipment draft,,
CMU3DWornRMCJumpsuitASOBlackAltJumpsuit,Equipment/garrison_worn_equipment.yml,True,479,479,479,479,479,479,1,retained equipment draft,,
CMU3DWornRMCJumpsuitASOBlackJumpsuit,Equipment/garrison_worn_equipment.yml,True,483,483,483,483,483,483,1,retained equipment draft,,
CMU3DWornRMCJumpsuitASOFormalAltJumpsuit,Equipment/garrison_worn_equipment.yml,True,481,481,481,481,481,481,1,retained equipment draft,,
CMU3DWornRMCJumpsuitASOFormalJumpsuit,Equipment/garrison_worn_equipment.yml,True,483,483,483,483,483,483,1,retained equipment draft,,
CMU3DWornRMCJumpsuitCLFWebbingBuckshotJumpsuit,Equipment/garrison_worn_equipment.yml,True,483,483,483,483,483,483,1,retained equipment draft,,
CMU3DWornRMCJumpsuitCivilianBrownJumpsuit,Equipment/garrison_worn_equipment.yml,True,509,509,509,509,509,509,1,retained equipment draft,,
CMU3DWornRMCJumpsuitCivilianFrontierJumpsuit,Equipment/garrison_worn_equipment.yml,True,465,465,465,465,465,465,1,retained equipment draft,,
CMU3DWornRMCJumpsuitCivilianGreenJumpsuit,Equipment/garrison_worn_equipment.yml,True,508,508,508,508,508,508,1,retained equipment draft,,
CMU3DWornRMCJumpsuitCivilianJumpsuit,Equipment/garrison_worn_equipment.yml,True,510,510,510,510,510,510,1,retained equipment draft,,
CMU3DWornRMCJumpsuitCivilianScientistJumpsuit,Equipment/garrison_worn_equipment.yml,True,493,493,493,493,493,493,1,retained equipment draft,,
CMU3DWornRMCJumpsuitCivilianVirologistJumpsuit,Equipment/garrison_worn_equipment.yml,True,408,408,408,408,408,408,1,retained equipment draft,,
CMU3DWornRMCJumpsuitDutchBandolierJumpsuit,Equipment/garrison_worn_equipment.yml,True,388,388,388,388,388,388,1,retained equipment draft,,
CMU3DWornRMCJumpsuitFreelancerJumpsuit,Equipment/garrison_worn_equipment.yml,True,445,445,445,445,445,445,1,retained equipment draft,,
CMU3DWornRMCJumpsuitKutjevoJumperJumpsuit,Equipment/garrison_worn_equipment.yml,True,489,489,489,489,489,489,1,retained equipment draft,,
CMU3DWornRMCJumpsuitLiaisonGreyWorkwearJumpsuit,Equipment/garrison_worn_equipment.yml,True,395,395,395,395,395,395,1,retained equipment draft,,
CMU3DWornRMCJumpsuitLiaisonManagerJumpsuit,Equipment/garrison_worn_equipment.yml,True,443,443,443,443,443,443,1,retained equipment draft,,
CMU3DWornRMCJumpsuitLiaisonPilotJumpsuit,Equipment/garrison_worn_equipment.yml,True,435,435,435,435,435,435,1,retained equipment draft,,
CMU3DWornRMCJumpsuitMPCorporateJumpsuit,Equipment/garrison_worn_equipment.yml,True,493,493,493,493,493,493,1,retained equipment draft,,
CMU3DWornRMCJumpsuitMarineParaServiceJumpsuit,Equipment/garrison_worn_equipment.yml,True,486,486,486,486,486,486,1,retained equipment draft,,
CMU3DWornRMCJumpsuitNormCivilianWhiteAltJumpsuit,Equipment/garrison_worn_equipment.yml,True,459,459,459,459,459,459,1,retained equipment draft,,
CMU3DWornRMCJumpsuitPizzaGalaxyJumpsuit,Equipment/garrison_worn_equipment.yml,True,440,440,440,440,440,440,1,retained equipment draft,,
CMU3DWornRMCJumpsuitRiotControlJumpsuit,Equipment/garrison_worn_equipment.yml,True,504,504,504,504,504,504,1,retained equipment draft,,
CMU3DWornRMCJumpsuitSPPPaPJumpsuit,Equipment/garrison_worn_equipment.yml,True,435,435,435,435,435,435,1,retained equipment draft,,
CMU3DWornRMCJumpsuitSurvivorMarineDropPouchJumpsuit,Equipment/garrison_worn_equipment.yml,True,511,511,511,511,511,511,1,retained equipment draft,,
CMU3DWornRMCJumpsuitSyntheticJumpsuit,Equipment/garrison_worn_equipment.yml,True,493,493,493,493,493,493,1,retained equipment draft,,
CMU3DWornRMCJumpsuitTSEPAJumpsuit,Equipment/garrison_worn_equipment.yml,True,504,504,504,504,504,504,1,retained equipment draft,,
CMU3DWornRMCJumpsuitVeteranPMCCommandoJumpsuit,Equipment/garrison_worn_equipment.yml,True,501,501,501,501,501,501,1,retained equipment draft,,
CMU3DWornRMCJumpsuitVeteranPMCDirectorJumpsuit,Equipment/garrison_worn_equipment.yml,True,508,508,508,508,508,508,1,retained equipment draft,,
CMU3DWornRMCJumpsuitVeteranPMCKutjevoJumpsuit,Equipment/garrison_worn_equipment.yml,True,467,467,467,467,467,467,1,retained equipment draft,,
CMU3DWornRMCJumpsuitVeteranPMCNoWebbingPatchJumpsuit,Equipment/garrison_worn_equipment.yml,True,464,464,464,464,464,464,1,retained equipment draft,,
CMU3DWornRMCJumpsuitWornSuitJumpsuit,Equipment/garrison_worn_equipment.yml,True,409,409,409,409,409,409,1,retained equipment draft,,
CMU3DWornRMCJumsuitWhiteServiceJumpsuit,Equipment/garrison_worn_equipment.yml,True,328,328,328,328,328,328,1,retained equipment draft,,
CMU3DWornRMCLabcoatBrownOuterClothing,Equipment/garrison_worn_equipment.yml,True,401,401,401,401,401,401,1,retained equipment draft,,
CMU3DWornRMCLabcoatCMOOuterClothing,Equipment/garrison_worn_equipment.yml,True,426,426,426,426,426,426,1,retained equipment draft,,
CMU3DWornRMCLabcoatLongOuterClothing,Equipment/garrison_worn_equipment.yml,True,475,475,475,475,475,475,1,retained equipment draft,,
CMU3DWornRMCLabcoatOpenedOuterClothing,Equipment/garrison_worn_equipment.yml,True,349,349,349,349,349,349,1,retained equipment draft,,
CMU3DWornRMCLabcoatOuterClothing,Equipment/garrison_worn_equipment.yml,True,415,415,415,415,415,415,1,retained equipment draft,,
CMU3DWornRMCLabcoatScienceOuterClothing,Equipment/garrison_worn_equipment.yml,True,391,391,391,391,391,391,1,retained equipment draft,,
CMU3DWornRMCLabcoatShortOuterClothing,Equipment/garrison_worn_equipment.yml,True,400,400,400,400,400,400,1,retained equipment draft,,
CMU3DWornRMCLabcoatVirologyOuterClothing,Equipment/garrison_worn_equipment.yml,True,419,419,419,419,419,419,1,retained equipment draft,,
CMU3DWornRMCM5CameraGearEars,Equipment/garrison_worn_equipment.yml,True,34,34,34,34,34,34,1,retained equipment draft,,
CMU3DWornRMCM5CameraGearHead,Equipment/garrison_worn_equipment.yml,True,34,34,34,34,34,34,1,retained equipment draft,,
CMU3DWornRMCMaskBalaclavaGreenMask,Equipment/garrison_worn_equipment.yml,True,152,152,152,152,152,152,1,retained equipment draft,,
CMU3DWornRMCMaskBalaclavaMask,Equipment/garrison_worn_equipment.yml,True,153,153,153,153,153,153,1,retained equipment draft,,
CMU3DWornRMCMaskBalaclavaSPPCommandoMask,Equipment/garrison_worn_equipment.yml,True,162,162,162,162,162,162,1,retained equipment draft,,
CMU3DWornRMCMaskBalaclavaSkullBlackMask,Equipment/garrison_worn_equipment.yml,True,174,174,174,174,174,174,1,retained equipment draft,,
CMU3DWornRMCMaskBalaclavaSkullBlueMask,Equipment/garrison_worn_equipment.yml,True,174,174,174,174,174,174,1,retained equipment draft,,
CMU3DWornRMCMaskCoifGreenMask,Equipment/garrison_worn_equipment.yml,True,161,161,161,161,161,161,1,retained equipment draft,,
CMU3DWornRMCMaskCoifGreyMask,Equipment/garrison_worn_equipment.yml,True,161,161,161,161,161,161,1,retained equipment draft,,
CMU3DWornRMCMaskCoifTanMask,Equipment/garrison_worn_equipment.yml,True,161,161,161,161,161,161,1,retained equipment draft,,
CMU3DWornRMCMaskGasSPPMask,Equipment/garrison_worn_equipment.yml,True,162,162,162,162,162,162,1,retained equipment draft,,
CMU3DWornRMCMaskKeffiyehBlackMask,Equipment/garrison_worn_equipment.yml,True,273,273,273,273,273,273,1,retained equipment draft,,
CMU3DWornRMCMaskKeffiyehBlueMask,Equipment/garrison_worn_equipment.yml,True,274,274,274,274,274,274,1,retained equipment draft,,
CMU3DWornRMCMaskKeffiyehGreenMask,Equipment/garrison_worn_equipment.yml,True,256,256,256,256,256,256,1,retained equipment draft,,
CMU3DWornRMCMaskKeffiyehMask,Equipment/garrison_worn_equipment.yml,True,256,256,256,256,256,256,1,retained equipment draft,,
CMU3DWornRMCMaskKeffiyehRedMask,Equipment/garrison_worn_equipment.yml,True,256,256,256,256,256,256,1,retained equipment draft,,
CMU3DWornRMCMaskKeffiyehWhiteMask,Equipment/garrison_worn_equipment.yml,True,256,256,256,256,256,256,1,retained equipment draft,,
CMU3DWornRMCMaskKutjevoRespiratorMask,Equipment/garrison_worn_equipment.yml,True,43,43,43,43,43,43,1,retained equipment draft,,
CMU3DWornRMCMaskNeckerchiefBlackMask,Equipment/garrison_worn_equipment.yml,True,56,56,56,56,56,56,1,retained equipment draft,,
CMU3DWornRMCMaskNeckerchiefBlackNeck,Equipment/garrison_worn_equipment.yml,True,56,56,56,56,56,56,1,retained equipment draft,,
CMU3DWornRMCMaskNeckerchiefGrayMask,Equipment/garrison_worn_equipment.yml,True,56,56,56,56,56,56,1,retained equipment draft,,
CMU3DWornRMCMaskNeckerchiefGrayNeck,Equipment/garrison_worn_equipment.yml,True,56,56,56,56,56,56,1,retained equipment draft,,
CMU3DWornRMCMaskNeckerchiefGreenMask,Equipment/garrison_worn_equipment.yml,True,56,56,56,56,56,56,1,retained equipment draft,,
CMU3DWornRMCMaskNeckerchiefGreenNeck,Equipment/garrison_worn_equipment.yml,True,56,56,56,56,56,56,1,retained equipment draft,,
CMU3DWornRMCMaskNeckerchiefRedMask,Equipment/garrison_worn_equipment.yml,True,56,56,56,56,56,56,1,retained equipment draft,,
CMU3DWornRMCMaskNeckerchiefRedNeck,Equipment/garrison_worn_equipment.yml,True,56,56,56,56,56,56,1,retained equipment draft,,
CMU3DWornRMCMaskNeckerchiefTanDownMask,Equipment/garrison_worn_equipment.yml,True,53,53,53,53,53,53,1,retained equipment draft,,
CMU3DWornRMCMaskNeckerchiefTanDownNeck,Equipment/garrison_worn_equipment.yml,True,53,53,53,53,53,53,1,retained equipment draft,,
CMU3DWornRMCMaskNeckerchiefTanMask,Equipment/garrison_worn_equipment.yml,True,56,56,56,56,56,56,1,retained equipment draft,,
CMU3DWornRMCMaskNeckerchiefTanNeck,Equipment/garrison_worn_equipment.yml,True,56,56,56,56,56,56,1,retained equipment draft,,
CMU3DWornRMCMaskNeckerchiefWhiteMask,Equipment/garrison_worn_equipment.yml,True,56,56,56,56,56,56,1,retained equipment draft,,
CMU3DWornRMCMaskNeckerchiefWhiteNeck,Equipment/garrison_worn_equipment.yml,True,56,56,56,56,56,56,1,retained equipment draft,,
CMU3DWornRMCMaskSWATMask,Equipment/garrison_worn_equipment.yml,True,109,109,109,109,109,109,1,retained equipment draft,,
CMU3DWornRMCMaskScarfBlackMask,Equipment/garrison_worn_equipment.yml,True,132,132,132,132,132,132,1,retained equipment draft,,
CMU3DWornRMCMaskScarfBlackNeck,Equipment/garrison_worn_equipment.yml,True,132,132,132,132,132,132,1,retained equipment draft,,
CMU3DWornRMCMaskScarfGrayMask,Equipment/garrison_worn_equipment.yml,True,135,135,135,135,135,135,1,retained equipment draft,,
CMU3DWornRMCMaskScarfGrayNeck,Equipment/garrison_worn_equipment.yml,True,135,135,135,135,135,135,1,retained equipment draft,,
CMU3DWornRMCMaskScarfGreenMask,Equipment/garrison_worn_equipment.yml,True,139,139,139,139,139,139,1,retained equipment draft,,
CMU3DWornRMCMaskScarfGreenNeck,Equipment/garrison_worn_equipment.yml,True,139,139,139,139,139,139,1,retained equipment draft,,
CMU3DWornRMCMaskScarfRedMask,Equipment/garrison_worn_equipment.yml,True,140,140,140,140,140,140,1,retained equipment draft,,
CMU3DWornRMCMaskScarfRedNeck,Equipment/garrison_worn_equipment.yml,True,140,140,140,140,140,140,1,retained equipment draft,,
CMU3DWornRMCMaskScarfSquadMask,Equipment/garrison_worn_equipment.yml,True,135,135,135,135,135,135,1,retained equipment draft,,
CMU3DWornRMCMaskScarfSquadNeck,Equipment/garrison_worn_equipment.yml,True,135,135,135,135,135,135,1,retained equipment draft,,
CMU3DWornRMCMaskScarfTanDownMask,Equipment/garrison_worn_equipment.yml,True,93,93,93,93,93,93,1,retained equipment draft,,
CMU3DWornRMCMaskScarfTanDownNeck,Equipment/garrison_worn_equipment.yml,True,93,93,93,93,93,93,1,retained equipment draft,,
CMU3DWornRMCMaskScarfTanMask,Equipment/garrison_worn_equipment.yml,True,139,139,139,139,139,139,1,retained equipment draft,,
CMU3DWornRMCMaskScarfTanNeck,Equipment/garrison_worn_equipment.yml,True,139,139,139,139,139,139,1,retained equipment draft,,
CMU3DWornRMCMaskSmockBlackMask,Equipment/garrison_worn_equipment.yml,True,231,231,231,231,231,231,1,retained equipment draft,,
CMU3DWornRMCMaskSmockBlackNeck,Equipment/garrison_worn_equipment.yml,True,231,231,231,231,231,231,1,retained equipment draft,,
CMU3DWornRMCMaskTornScarfBlackMask,Equipment/garrison_worn_equipment.yml,True,130,130,130,130,130,130,1,retained equipment draft,,
CMU3DWornRMCMaskTornScarfBlackNeck,Equipment/garrison_worn_equipment.yml,True,130,130,130,130,130,130,1,retained equipment draft,,
CMU3DWornRMCMaskTornScarfDesertMask,Equipment/garrison_worn_equipment.yml,True,130,130,130,130,130,130,1,retained equipment draft,,
CMU3DWornRMCMaskTornScarfDesertNeck,Equipment/garrison_worn_equipment.yml,True,130,130,130,130,130,130,1,retained equipment draft,,
CMU3DWornRMCMaskTornScarfGreenMask,Equipment/garrison_worn_equipment.yml,True,130,130,130,130,130,130,1,retained equipment draft,,
CMU3DWornRMCMaskTornScarfGreenNeck,Equipment/garrison_worn_equipment.yml,True,130,130,130,130,130,130,1,retained equipment draft,,
CMU3DWornRMCMaskTornScarfGreyMask,Equipment/garrison_worn_equipment.yml,True,130,130,130,130,130,130,1,retained equipment draft,,
CMU3DWornRMCMaskTornScarfGreyNeck,Equipment/garrison_worn_equipment.yml,True,130,130,130,130,130,130,1,retained equipment draft,,
CMU3DWornRMCMaskTornScarfSnowMask,Equipment/garrison_worn_equipment.yml,True,130,130,130,130,130,130,1,retained equipment draft,,
CMU3DWornRMCMaskTornScarfSnowNeck,Equipment/garrison_worn_equipment.yml,True,130,130,130,130,130,130,1,retained equipment draft,,
CMU3DWornRMCMaskTornScarfUrbanMask,Equipment/garrison_worn_equipment.yml,True,130,130,130,130,130,130,1,retained equipment draft,,
CMU3DWornRMCMaskTornScarfUrbanNeck,Equipment/garrison_worn_equipment.yml,True,130,130,130,130,130,130,1,retained equipment draft,,
CMU3DWornRMCMatebaBeltLuxuriousFilledBelt,Equipment/garrison_worn_equipment.yml,True,84,84,84,84,84,84,1,retained equipment draft,,
CMU3DWornRMCMatebaBeltLuxuriousFilledSuitstorage,Equipment/garrison_worn_equipment.yml,True,18,18,18,18,18,18,1,retained equipment draft,,
CMU3DWornRMCMedicalApronOuterClothing,Equipment/garrison_worn_equipment.yml,True,125,125,125,125,125,125,1,retained equipment draft,,
CMU3DWornRMCMedicalL75RCMFillParaBelt,Equipment/garrison_worn_equipment.yml,True,57,57,57,57,57,57,1,retained equipment draft,,
CMU3DWornRMCOuterClothingExternalWebbingBlackOuterClothing,Equipment/garrison_worn_equipment.yml,True,177,177,177,177,177,177,1,retained equipment draft,,
CMU3DWornRMCPMCSyntheticSmartpackBack,Equipment/garrison_worn_equipment.yml,True,291,291,291,291,291,291,1,retained equipment draft,,
CMU3DWornRMCPMCSyntheticSmartpackBack7ef9922b,Equipment/garrison_worn_equipment.yml,True,293,293,293,293,293,293,1,retained equipment draft,,
CMU3DWornRMCPrescriptionSunglassesBigFakeEyes,Equipment/garrison_worn_equipment.yml,True,25,25,25,25,25,25,1,retained equipment draft,,
CMU3DWornRMCPrescriptionSunglassesBigFakeMask,Equipment/garrison_worn_equipment.yml,True,25,25,25,25,25,25,1,retained equipment draft,,
CMU3DWornRMCPrescriptionSunglassesEyes,Equipment/garrison_worn_equipment.yml,True,16,16,16,16,16,16,1,retained equipment draft,,
CMU3DWornRMCPrescriptionSunglassesMask,Equipment/garrison_worn_equipment.yml,True,16,16,16,16,16,16,1,retained equipment draft,,
CMU3DWornRMCProvostCoatMarshalFilledOuterClothing,Equipment/garrison_worn_equipment.yml,True,256,256,256,256,256,256,1,retained equipment draft,,
CMU3DWornRMCProvostCommandBeretHead,Equipment/garrison_worn_equipment.yml,True,105,105,105,105,105,105,1,retained equipment draft,,
CMU3DWornRMCProvostCommandJacketFilledOuterClothing,Equipment/garrison_worn_equipment.yml,True,314,314,314,314,314,314,1,retained equipment draft,,
CMU3DWornRMCProvostJacketFilledOuterClothing,Equipment/garrison_worn_equipment.yml,True,313,313,313,313,313,313,1,retained equipment draft,,
CMU3DWornRMCQuartermasterJacketOuterClothing,Equipment/garrison_worn_equipment.yml,True,252,252,252,252,252,252,1,retained equipment draft,,
CMU3DWornRMCSatchelBureauObserverSecureFillBack,Equipment/garrison_worn_equipment.yml,True,18,18,18,18,18,18,1,retained equipment draft,,
CMU3DWornRMCSatchelChemistryBack,Equipment/garrison_worn_equipment.yml,True,120,120,120,120,120,120,1,retained equipment draft,,
CMU3DWornRMCSatchelLightpackBack,Equipment/garrison_worn_equipment.yml,True,26,26,26,26,26,26,1,retained equipment draft,,
CMU3DWornRMCSatchelLightpackBlackBack,Equipment/garrison_worn_equipment.yml,True,26,26,26,26,26,26,1,retained equipment draft,,
CMU3DWornRMCSatchelLightpackWeYaBack,Equipment/garrison_worn_equipment.yml,True,28,28,28,28,28,28,1,retained equipment draft,,
CMU3DWornRMCSatchelLightpackWelderBack,Equipment/garrison_worn_equipment.yml,True,44,44,44,44,44,44,1,retained equipment draft,,
CMU3DWornRMCSatchelMarineChestrigPVEBack,Equipment/garrison_worn_equipment.yml,True,201,201,201,201,201,201,1,retained equipment draft,,
CMU3DWornRMCSatchelMarineIntelSatchelBack,Equipment/garrison_worn_equipment.yml,True,50,50,50,50,50,50,1,retained equipment draft,,
CMU3DWornRMCSatchelPMCBack,Equipment/garrison_worn_equipment.yml,True,132,132,132,132,132,132,1,retained equipment draft,,
CMU3DWornRMCSatchelPMCCommandoFilledBack,Equipment/garrison_worn_equipment.yml,True,134,134,134,134,134,134,1,retained equipment draft,,
CMU3DWornRMCSatchelPMCMedicBack,Equipment/garrison_worn_equipment.yml,True,90,90,90,90,90,90,1,retained equipment draft,,
CMU3DWornRMCSatchelSPPBack,Equipment/garrison_worn_equipment.yml,True,41,41,41,41,41,41,1,retained equipment draft,,
CMU3DWornRMCSatchelSPPWelderEngineerBack,Equipment/garrison_worn_equipment.yml,True,54,54,54,54,54,54,1,retained equipment draft,,
CMU3DWornRMCSatchelWelderBack,Equipment/garrison_worn_equipment.yml,True,54,54,54,54,54,54,1,retained equipment draft,,
CMU3DWornRMCSatchelWelderRUBack,Equipment/garrison_worn_equipment.yml,True,149,149,149,149,149,149,1,retained equipment draft,,
CMU3DWornRMCScabbardMacheteFilledBack,Equipment/garrison_worn_equipment.yml,True,53,53,53,53,53,53,1,retained equipment draft,,
CMU3DWornRMCScabbardMacheteFilledBelt,Equipment/garrison_worn_equipment.yml,True,26,26,26,26,26,26,1,retained equipment draft,,
CMU3DWornRMCScabbardMacheteFilledSuitstorage,Equipment/garrison_worn_equipment.yml,True,15,15,15,15,15,15,1,retained equipment draft,,
CMU3DWornRMCScabbardMacheteSGFilledBack,Equipment/garrison_worn_equipment.yml,True,30,30,30,30,30,30,1,retained equipment draft,,
CMU3DWornRMCScrubsGreyJumpsuit,Equipment/garrison_worn_equipment.yml,True,340,340,340,340,340,340,1,retained equipment draft,,
CMU3DWornRMCScrubsLightBlueJumpsuit,Equipment/garrison_worn_equipment.yml,True,340,340,340,340,340,340,1,retained equipment draft,,
CMU3DWornRMCScrubsOliveJumpsuit,Equipment/garrison_worn_equipment.yml,True,342,342,342,342,342,342,1,retained equipment draft,,
CMU3DWornRMCShoesBlackShoes,Equipment/garrison_worn_equipment.yml,True,53,53,53,53,53,53,1,retained equipment draft,,
CMU3DWornRMCShoesBlueShoes,Equipment/garrison_worn_equipment.yml,True,79,79,79,79,79,79,1,retained equipment draft,,
CMU3DWornRMCShoesBrownShoes,Equipment/garrison_worn_equipment.yml,True,66,66,66,66,66,66,1,retained equipment draft,,
CMU3DWornRMCShoesFancyLeatherShoes,Equipment/garrison_worn_equipment.yml,True,88,88,88,88,88,88,1,retained equipment draft,,
CMU3DWornRMCShoesGreenShoes,Equipment/garrison_worn_equipment.yml,True,79,79,79,79,79,79,1,retained equipment draft,,
CMU3DWornRMCShoesLaceupBrownShoes,Equipment/garrison_worn_equipment.yml,True,70,70,70,70,70,70,1,retained equipment draft,,
CMU3DWornRMCShoesLaceupShoes,Equipment/garrison_worn_equipment.yml,True,65,65,65,65,65,65,1,retained equipment draft,,
CMU3DWornRMCShoesLeatherShoes,Equipment/garrison_worn_equipment.yml,True,51,51,51,51,51,51,1,retained equipment draft,,
CMU3DWornRMCShoesOrangeShoes,Equipment/garrison_worn_equipment.yml,True,79,79,79,79,79,79,1,retained equipment draft,,
CMU3DWornRMCShoesPurpleShoes,Equipment/garrison_worn_equipment.yml,True,56,56,56,56,56,56,1,retained equipment draft,,
CMU3DWornRMCShoesRedShoes,Equipment/garrison_worn_equipment.yml,True,79,79,79,79,79,79,1,retained equipment draft,,
CMU3DWornRMCShoesSandalsShoes,Equipment/garrison_worn_equipment.yml,True,11,11,11,11,11,11,1,retained equipment draft,,
CMU3DWornRMCShoesWhiteShoes,Equipment/garrison_worn_equipment.yml,True,71,71,71,71,71,71,1,retained equipment draft,,
CMU3DWornRMCShoesYellowShoes,Equipment/garrison_worn_equipment.yml,True,66,66,66,66,66,66,1,retained equipment draft,,
CMU3DWornRMCSmartpackA1Back,Equipment/garrison_worn_equipment.yml,True,307,307,307,307,307,307,1,retained equipment draft,,
CMU3DWornRMCSmartpackA1Backdbb6327a,Equipment/garrison_worn_equipment.yml,True,307,307,307,307,307,307,1,retained equipment draft,,
CMU3DWornRMCSmartpackA1BlackBack,Equipment/garrison_worn_equipment.yml,True,305,305,305,305,305,305,1,retained equipment draft,,
CMU3DWornRMCSmartpackA1BlackBack1c96e404,Equipment/garrison_worn_equipment.yml,True,306,306,306,306,306,306,1,retained equipment draft,,
CMU3DWornRMCSmartpackA1GreenBack,Equipment/garrison_worn_equipment.yml,True,307,307,307,307,307,307,1,retained equipment draft,,
CMU3DWornRMCSmartpackA1GreenBack1289c809,Equipment/garrison_worn_equipment.yml,True,307,307,307,307,307,307,1,retained equipment draft,,
CMU3DWornRMCSmartpackA1TanBack,Equipment/garrison_worn_equipment.yml,True,306,306,306,306,306,306,1,retained equipment draft,,
CMU3DWornRMCSmartpackA1TanBack3098caf3,Equipment/garrison_worn_equipment.yml,True,306,306,306,306,306,306,1,retained equipment draft,,
CMU3DWornRMCSmartpackBack,Equipment/garrison_worn_equipment.yml,True,260,260,260,260,260,260,1,retained equipment draft,,
CMU3DWornRMCSmartpackBack65bb7889,Equipment/garrison_worn_equipment.yml,True,259,259,259,259,259,259,1,retained equipment draft,,
CMU3DWornRMCSmartpackGreenBack,Equipment/garrison_worn_equipment.yml,True,269,269,269,269,269,269,1,retained equipment draft,,
CMU3DWornRMCSmartpackGreenBack0135369d,Equipment/garrison_worn_equipment.yml,True,268,268,268,268,268,268,1,retained equipment draft,,
CMU3DWornRMCSmartpackTanBack,Equipment/garrison_worn_equipment.yml,True,261,261,261,261,261,261,1,retained equipment draft,,
CMU3DWornRMCSmartpackTanBack89622eb5,Equipment/garrison_worn_equipment.yml,True,261,261,261,261,261,261,1,retained equipment draft,,
CMU3DWornRMCSmartpackWhiteBack,Equipment/garrison_worn_equipment.yml,True,266,266,266,266,266,266,1,retained equipment draft,,
CMU3DWornRMCSmartpackWhiteBack3ab7593c,Equipment/garrison_worn_equipment.yml,True,266,266,266,266,266,266,1,retained equipment draft,,
CMU3DWornRMCSwatCMBUniformSpearheadJumpsuit,Equipment/garrison_worn_equipment.yml,True,503,503,503,503,503,503,1,retained equipment draft,,
CMU3DWornRMCVisorSWATMask,Equipment/garrison_worn_equipment.yml,True,51,51,51,51,51,51,1,retained equipment draft,,
CMU3DWornRMCWeldingGogglesEyes,Equipment/garrison_worn_equipment.yml,True,34,34,34,34,34,34,1,retained equipment draft,,
CMU3DWornTrashBagBelt,Equipment/garrison_worn_equipment.yml,True,34,34,34,34,34,34,1,retained equipment draft,,
CMU3DXRFScannerCloud,World/garrison_machinery_extra_cloud.yml,False,49,49,49,49,49,49,1,retained geometry,,
CMU3DYellowDumpster,World/garrison_storage.yml,False,42,42,42,42,42,42,1,retained geometry,,
CMU3DYellowLemon,World/garrison_smallprops.yml,False,3,3,3,3,3,3,1,retained geometry,,
